AAWT,Pos,AAMT,WT_SSE,WT_RSA,WT_DEPTH,WT_SS,WT_SN,WT_SO,MT_SSE,MT_RSA ,MT_DEPTH,MT_SS,MT_SN,MT_SO,Predicted_DDG,Class
A,9,S,H ,0,7.9,False ,False ,False ,H ,0,7.7,True ,False ,True ,-1.99,NEUTRAL
E,7,Q,H ,40.5,3.6,True ,True ,False ,H ,63.7,3.6,True ,False ,False ,-0.5,NEUTRAL
E,7,Q,H ,40.5,3.6,True ,True ,False ,H ,63.7,3.6,True ,False ,False ,-0.5,NEUTRAL
E,7,Q,H ,40.5,3.6,True ,True ,False ,H ,63.7,3.6,True ,False ,False ,-0.5,DESTABILIZING
E,7,Q,H ,40.5,3.6,True ,True ,False ,H ,63.7,3.6,True ,False ,False ,-0.5,DESTABILIZING
K,1,A,b ,38.4,3.8,True ,False ,False ,g ,52.1,3.2,False ,False ,False ,0,NEUTRAL
K,1,M,b ,38.4,3.8,True ,False ,False ,b ,80.3,3.3,True ,False ,False ,0,NEUTRAL
L,8,T,H ,0.1,8,False ,False ,False ,H ,0.7,7.8,False ,False ,True ,-3.67,DESTABILIZING
V,2,A,b ,68.8,3.4,False ,False ,False ,b ,70.7,3.3,False ,False ,False ,-1.16,DESTABILIZING
V,2,A,b ,68.8,3.4,False ,False ,False ,b ,70.7,3.3,False ,False ,False ,-1.16,DESTABILIZING
V,2,F,b ,68.8,3.4,False ,False ,False ,b ,76.7,3.4,False ,False ,False ,-0.46,NEUTRAL
V,2,G,b ,68.8,3.4,False ,False ,False ,b ,61.8,3.6,False ,False ,False ,-0.46,DESTABILIZING
V,2,I,b ,68.8,3.4,False ,False ,False ,b ,71.4,3.5,False ,False ,False ,0.08,STABILIZING
V,2,L,b ,68.8,3.4,False ,False ,False ,b ,75.7,3.4,False ,False ,False ,-0.66,NEUTRAL
V,2,M,b ,68.8,3.4,False ,False ,False ,b ,70.7,3.3,False ,False ,False ,-0.66,NEUTRAL
A,32,L,H ,0,9.1,False ,False ,False ,H ,0,9.8,False ,False ,False ,-0.44,NEUTRAL
A,32,S,H ,0,9.1,False ,False ,False ,H ,0.4,9,False ,False ,True ,-2.18,NEUTRAL
A,47,P,a ,83.8,3,False ,False ,False ,a ,72.2,3.2,False ,False ,False ,-0.67,NEUTRAL
A,92,S,H ,5.8,8.6,False ,False ,False ,H ,5.6,9,False ,False ,True ,-2.18,NEUTRAL
A,96,M,H ,0,9.1,False ,False ,False ,H ,0,10.2,False ,False ,False ,-1.34,NEUTRAL
A,96,S,H ,0,9.1,False ,False ,False ,H ,0,8.9,False ,False ,True ,-2.18,NEUTRAL
C,77,A,a ,4.9,5,False ,False ,True ,a ,4.7,4.8,False ,False ,False ,-0.77,DESTABILIZING
D,18,N,p ,42.1,3.5,False ,True ,False ,p ,60.3,3.6,False ,True ,False ,-0.43,NEUTRAL
D,18,N,p ,42.1,3.5,False ,True ,False ,p ,60.3,3.6,False ,True ,False ,-0.43,DESTABILIZING
D,49,N,a ,67.8,3.5,True ,True ,False ,a ,73,3.7,False ,False ,False ,-0.86,NEUTRAL
D,49,N,a ,67.8,3.5,True ,True ,False ,a ,73,3.7,False ,False ,False ,-0.86,NEUTRAL
D,67,N,a ,15.4,4.9,True ,True ,False ,a ,13.4,5,True ,True ,False ,-0.83,NEUTRAL
D,67,N,a ,15.4,4.9,True ,True ,False ,a ,13.4,5,True ,True ,False ,-0.83,NEUTRAL
D,67,N,a ,15.4,4.9,True ,True ,False ,a ,13.4,5,True ,True ,False ,-0.83,DESTABILIZING
D,67,N,a ,15.4,4.9,True ,True ,False ,a ,13.4,5,True ,True ,False ,-0.83,DESTABILIZING
D,91,P,H ,43.7,3.8,True ,False ,False ,H ,29.4,3.9,False ,False ,False ,-0.99,NEUTRAL
E,35,L,H ,14.5,4.3,False ,False ,False ,H ,19.4,4.5,False ,False ,False ,-0.33,NEUTRAL
G,37,A,l ,79.4,3.5,False ,False ,False ,l ,77.7,3.1,False ,False ,False ,-2.6,NEUTRAL
G,37,Q,l ,79.4,3.5,False ,False ,False ,l ,86.4,3.4,False ,False ,False ,-2.01,NEUTRAL
H,78,A,l ,86.5,3.3,False ,False ,True ,l ,83.4,3,False ,False ,False ,-0.05,NEUTRAL
H,78,G,l ,86.5,3.3,False ,False ,True ,l ,84.7,3.5,False ,False ,False ,1.13,NEUTRAL
I,23,A,b ,10.8,5,False ,False ,False ,b ,20.9,4.4,False ,False ,False ,-3.96,DESTABILIZING
I,23,V,b ,10.8,5,False ,False ,False ,b ,15,4.8,False ,False ,False ,-2.23,NEUTRAL
I,23,V,b ,10.8,5,False ,False ,False ,b ,15,4.8,False ,False ,False ,-2.23,NEUTRAL
I,56,A,a ,0.5,9.7,False ,False ,False ,a ,5.3,9.6,False ,False ,False ,-3.13,DESTABILIZING
I,56,F,a ,0.5,9.7,False ,False ,False ,a ,0.4,9.3,False ,False ,False ,-0.39,DESTABILIZING
I,56,L,a ,0.5,9.7,False ,False ,False ,a ,0.7,10.2,False ,False ,False ,0.37,NEUTRAL
I,56,M,a ,0.5,9.7,False ,False ,False ,a ,0.3,9.6,True ,False ,False ,-0.88,DESTABILIZING
I,56,T,a ,0.5,9.7,False ,False ,False ,a ,2.1,9.9,False ,False ,False ,-2.04,DESTABILIZING
I,56,V,a ,0.5,9.7,False ,False ,False ,a ,1,9.7,False ,False ,False ,-2.04,DESTABILIZING
I,56,V,a ,0.5,9.7,False ,False ,False ,a ,1,9.7,False ,False ,False ,-2.04,DESTABILIZING
I,59,A,E ,2,7.9,False ,False ,False ,E ,12,7.3,False ,False ,False ,-4.52,DESTABILIZING
I,59,A,E ,2,7.9,False ,False ,False ,E ,12,7.3,False ,False ,False ,-4.52,DESTABILIZING
I,59,F,E ,2,7.9,False ,False ,False ,E ,1,8.7,False ,False ,False ,-1.57,NEUTRAL
I,59,G,E ,2,7.9,False ,False ,False ,E ,27.1,6.2,False ,False ,False ,-2.53,DESTABILIZING
I,59,L,E ,2,7.9,False ,False ,False ,E ,4.4,7.6,False ,False ,False ,-0.8,NEUTRAL
I,59,M,E ,2,7.9,False ,False ,False ,E ,1.6,8,True ,True ,False ,-1.29,DESTABILIZING
I,59,S,E ,2,7.9,False ,False ,False ,E ,5.2,7.7,False ,False ,False ,-4.14,DESTABILIZING
I,59,T,E ,2,7.9,False ,False ,False ,E ,2.8,7.7,False ,False ,False ,-3.29,DESTABILIZING
I,59,V,E ,2,7.9,False ,False ,False ,E ,3.3,7.6,False ,False ,False ,-2.12,NEUTRAL
I,59,V,E ,2,7.9,False ,False ,False ,E ,3.3,7.6,False ,False ,False ,-2.12,DESTABILIZING
I,59,Y,E ,2,7.9,False ,False ,False ,E ,0.8,8.8,False ,True ,True ,-1.7,DESTABILIZING
I,89,A,a ,2.7,5.9,False ,False ,False ,a ,6.6,5.2,False ,False ,False ,-3.13,DESTABILIZING
I,89,V,a ,2.7,5.9,False ,False ,False ,a ,5.6,5.7,False ,False ,False ,-2.04,NEUTRAL
I,89,V,a ,2.7,5.9,False ,False ,False ,a ,5.6,5.7,False ,False ,False ,-2.04,NEUTRAL
P,71,G,p ,57.5,3.4,False ,False ,False ,p ,123.3,3.6,False ,False ,False ,-0.35,DESTABILIZING
Q,58,A,l ,4.7,4.9,True ,True ,True ,l ,14.1,4.7,False ,False ,False ,-1.02,NEUTRAL
Q,58,G,l ,4.7,4.9,True ,True ,True ,l ,20.5,5.4,False ,False ,False ,-0.59,STABILIZING
R,21,A,g ,59,3.6,False ,False ,False ,g ,52.1,3.2,False ,False ,False ,-0.12,STABILIZING
R,21,G,g ,59,3.6,False ,False ,False ,l ,92.9,3.3,False ,False ,False ,0.62,STABILIZING
R,50,A,l ,69.4,3.5,False ,False ,False ,l ,39.8,3.2,False ,False ,False ,0.34,NEUTRAL
R,50,G,l ,69.4,3.5,False ,False ,False ,l ,37.5,4.4,False ,False ,False ,2.18,NEUTRAL
V,74,A,a ,62,3.4,False ,False ,False ,a ,59.3,3.2,False ,False ,False ,0.12,NEUTRAL
V,74,A,a ,62,3.4,False ,False ,False ,a ,59.3,3.2,False ,False ,False ,0.12,NEUTRAL
V,74,F,a ,62,3.4,False ,False ,False ,a ,80.6,3.5,False ,False ,False ,0.14,NEUTRAL
V,74,G,a ,62,3.4,False ,False ,False ,a ,90.5,3.6,False ,False ,False ,-0.3,NEUTRAL
V,74,I,a ,62,3.4,False ,False ,False ,a ,75,3.4,False ,False ,False ,-0.03,NEUTRAL
V,74,L,a ,62,3.4,False ,False ,False ,a ,62.9,3.5,False ,False ,False ,0.47,NEUTRAL
V,74,M,a ,62,3.4,False ,False ,False ,a ,73.8,3.5,False ,False ,False ,-0.1,NEUTRAL
V,74,S,a ,62,3.4,False ,False ,False ,a ,68.6,3.2,False ,False ,True ,-0.5,NEUTRAL
V,93,A,H ,3.4,5.5,False ,False ,False ,H ,5.5,5.2,False ,False ,False ,-0.88,NEUTRAL
V,93,A,H ,3.4,5.5,False ,False ,False ,H ,5.5,5.2,False ,False ,False ,-0.88,NEUTRAL
V,93,T,H ,3.4,5.5,False ,False ,False ,H ,3.2,5.6,False ,False ,True ,-2.37,NEUTRAL
V,99,A,H ,2,6.7,False ,False ,False ,H ,3.5,6.8,False ,False ,False ,-0.88,NEUTRAL
V,99,A,H ,2,6.7,False ,False ,False ,H ,3.5,6.8,False ,False ,False ,-0.88,NEUTRAL
V,99,T,H ,2,6.7,False ,False ,False ,H ,2.1,7,False ,False ,True ,-2.37,NEUTRAL
Y,20,F,p ,28.7,4.2,True ,False ,False ,p ,36.4,4.2,False ,False ,False ,-0.16,NEUTRAL
Y,38,A,l ,12,4.6,False ,False ,False ,l ,16.8,4.5,False ,False ,False ,-1.41,DESTABILIZING
Y,38,F,l ,12,4.6,False ,False ,False ,l ,13.2,4.7,False ,False ,False ,-0.49,NEUTRAL
Y,38,G,l ,12,4.6,False ,False ,False ,l ,20.5,5.1,False ,False ,False ,0.24,DESTABILIZING
Y,45,F,E ,55.6,3.5,False ,False ,False ,E ,58.3,3.5,False ,False ,False ,-0.5,NEUTRAL
Y,54,F,E ,10.5,5,True ,False ,False ,E ,11.5,4.8,False ,False ,False ,-0.78,NEUTRAL
Y,63,F,a ,62.7,3.7,False ,False ,False ,a ,65.5,3.7,False ,False ,False ,0.1,NEUTRAL
D,102,N,p ,45.6,3.5,True ,False ,False ,p ,38,4.1,False ,True ,True ,0.16,NEUTRAL
D,102,N,p ,45.6,3.5,True ,False ,False ,p ,38,4.1,False ,True ,True ,0.16,NEUTRAL
D,102,N,p ,45.6,3.5,True ,False ,False ,p ,38,4.1,False ,True ,True ,0.16,NEUTRAL
D,102,N,p ,45.6,3.5,True ,False ,False ,p ,38,4.1,False ,True ,True ,0.16,NEUTRAL
D,120,N,p ,81.3,3.3,True ,False ,False ,b ,98.2,3.2,False ,False ,False ,-0.11,NEUTRAL
D,120,N,p ,81.3,3.3,True ,False ,False ,b ,98.2,3.2,False ,False ,False ,-0.11,NEUTRAL
D,120,N,p ,81.3,3.3,True ,False ,False ,b ,98.2,3.2,False ,False ,False ,-0.11,NEUTRAL
D,120,N,p ,81.3,3.3,True ,False ,False ,b ,98.2,3.2,False ,False ,False ,-0.11,NEUTRAL
I,106,A,H ,3.1,6.5,False ,False ,False ,H ,10.1,5.5,False ,False ,False ,-2.69,NEUTRAL
I,106,V,H ,3.1,6.5,False ,False ,False ,H ,5,5.7,False ,False ,False ,-2.54,NEUTRAL
I,106,V,H ,3.1,6.5,False ,False ,False ,H ,5,5.7,False ,False ,False ,-2.54,NEUTRAL
N,118,A,g ,109.7,3.3,False ,False ,False ,l ,102.9,3.2,False ,False ,False ,0.21,NEUTRAL
N,118,G,g ,109.7,3.3,False ,False ,False ,l ,123.8,3.4,False ,False ,False ,1.39,NEUTRAL
P,103,G,a ,94.2,3.2,False ,False ,False ,a ,122,3.3,False ,False ,False ,0.27,NEUTRAL
V,100,A,H ,0,7.1,False ,False ,False ,H ,0,7,False ,False ,False ,-0.88,NEUTRAL
V,100,A,H ,0,7.1,False ,False ,False ,H ,0,7,False ,False ,False ,-0.88,NEUTRAL
V,100,F,H ,0,7.1,False ,False ,False ,H ,15.3,4.9,False ,False ,False ,-1.12,DESTABILIZING
V,100,T,H ,0,7.1,False ,False ,False ,H ,0.1,7.2,False ,False ,True ,-2.37,NEUTRAL
V,110,A,H ,69,3.2,False ,False ,False ,H ,75,3.2,False ,False ,False ,0.84,NEUTRAL
V,110,A,H ,69,3.2,False ,False ,False ,H ,75,3.2,False ,False ,False ,0.84,NEUTRAL
V,110,F,H ,69,3.2,False ,False ,False ,H ,89.7,3.3,False ,False ,False ,-0.09,NEUTRAL
V,110,G,H ,69,3.2,False ,False ,False ,H ,67.6,3.8,False ,False ,False ,-0.72,NEUTRAL
V,110,I,H ,69,3.2,False ,False ,False ,H ,86.5,3.3,False ,False ,False ,0.35,NEUTRAL
V,110,L,H ,69,3.2,False ,False ,False ,H ,85.5,3.2,False ,False ,False ,0.68,NEUTRAL
V,110,M,H ,69,3.2,False ,False ,False ,H ,83.6,3.2,False ,False ,False ,0.16,NEUTRAL
V,110,P,H ,69,3.2,False ,False ,False ,H ,66,3.2,False ,False ,False ,-1.71,NEUTRAL
V,121,A,a ,12.7,5,False ,False ,False ,a ,19.9,4.3,False ,False ,False ,-0.74,DESTABILIZING
V,121,A,a ,12.7,5,False ,False ,False ,a ,19.9,4.3,False ,False ,False ,-0.74,DESTABILIZING
V,125,A,a ,20.7,4.5,False ,False ,False ,a ,27.8,3.7,False ,False ,False ,0.12,DESTABILIZING
V,125,A,a ,20.7,4.5,False ,False ,False ,a ,27.8,3.7,False ,False ,False ,0.12,DESTABILIZING
V,130,A,b ,24.6,4.4,False ,False ,False ,b ,27.7,3.9,False ,False ,False ,0,DESTABILIZING
V,130,A,b ,24.6,4.4,False ,False ,False ,b ,27.7,3.9,False ,False ,False ,0,NEUTRAL
Y,124,F,H ,10.8,5,True ,False ,False ,H ,9.8,4.8,False ,False ,False ,-0.87,NEUTRAL
A,9,S,H ,0,7.9,False ,False ,False ,H ,0,7.7,True ,False ,True ,-1.99,NEUTRAL
E,7,Q,H ,40.5,3.6,True ,True ,False ,H ,63.7,3.6,True ,False ,False ,-0.5,NEUTRAL
E,7,Q,H ,40.5,3.6,True ,True ,False ,H ,63.7,3.6,True ,False ,False ,-0.5,NEUTRAL
E,7,Q,H ,40.5,3.6,True ,True ,False ,H ,63.7,3.6,True ,False ,False ,-0.5,DESTABILIZING
E,7,Q,H ,40.5,3.6,True ,True ,False ,H ,63.7,3.6,True ,False ,False ,-0.5,DESTABILIZING
K,1,A,b ,38.4,3.8,True ,False ,False ,g ,52.1,3.2,False ,False ,False ,0,NEUTRAL
K,1,M,b ,38.4,3.8,True ,False ,False ,b ,80.3,3.3,True ,False ,False ,0,NEUTRAL
L,8,T,H ,0.1,8,False ,False ,False ,H ,0.7,7.8,False ,False ,True ,-3.67,DESTABILIZING
V,2,A,b ,68.8,3.4,False ,False ,False ,b ,70.7,3.3,False ,False ,False ,-1.16,DESTABILIZING
V,2,A,b ,68.8,3.4,False ,False ,False ,b ,70.7,3.3,False ,False ,False ,-1.16,DESTABILIZING
V,2,F,b ,68.8,3.4,False ,False ,False ,b ,76.7,3.4,False ,False ,False ,-0.46,NEUTRAL
V,2,G,b ,68.8,3.4,False ,False ,False ,b ,61.8,3.6,False ,False ,False ,-0.46,DESTABILIZING
V,2,I,b ,68.8,3.4,False ,False ,False ,b ,71.4,3.5,False ,False ,False ,0.08,STABILIZING
V,2,L,b ,68.8,3.4,False ,False ,False ,b ,75.7,3.4,False ,False ,False ,-0.66,NEUTRAL
V,2,M,b ,68.8,3.4,False ,False ,False ,b ,70.7,3.3,False ,False ,False ,-0.66,NEUTRAL
A,32,L,H ,0,9.1,False ,False ,False ,H ,0,9.8,False ,False ,False ,-0.44,NEUTRAL
A,32,S,H ,0,9.1,False ,False ,False ,H ,0.4,9,False ,False ,True ,-2.18,NEUTRAL
A,47,P,a ,83.8,3,False ,False ,False ,a ,72.2,3.2,False ,False ,False ,-0.67,NEUTRAL
A,92,S,H ,5.8,8.6,False ,False ,False ,H ,5.6,9,False ,False ,True ,-2.18,NEUTRAL
A,96,M,H ,0,9.1,False ,False ,False ,H ,0,10.2,False ,False ,False ,-1.34,NEUTRAL
A,96,S,H ,0,9.1,False ,False ,False ,H ,0,8.9,False ,False ,True ,-2.18,NEUTRAL
C,77,A,a ,4.9,5,False ,False ,True ,a ,4.7,4.8,False ,False ,False ,-0.77,DESTABILIZING
D,18,N,p ,42.1,3.5,False ,True ,False ,p ,60.3,3.6,False ,True ,False ,-0.43,NEUTRAL
D,18,N,p ,42.1,3.5,False ,True ,False ,p ,60.3,3.6,False ,True ,False ,-0.43,DESTABILIZING
D,49,N,a ,67.8,3.5,True ,True ,False ,a ,73,3.7,False ,False ,False ,-0.86,NEUTRAL
D,49,N,a ,67.8,3.5,True ,True ,False ,a ,73,3.7,False ,False ,False ,-0.86,NEUTRAL
D,67,N,a ,15.4,4.9,True ,True ,False ,a ,13.4,5,True ,True ,False ,-0.83,NEUTRAL
D,67,N,a ,15.4,4.9,True ,True ,False ,a ,13.4,5,True ,True ,False ,-0.83,NEUTRAL
D,67,N,a ,15.4,4.9,True ,True ,False ,a ,13.4,5,True ,True ,False ,-0.83,DESTABILIZING
D,67,N,a ,15.4,4.9,True ,True ,False ,a ,13.4,5,True ,True ,False ,-0.83,DESTABILIZING
D,91,P,H ,43.7,3.8,True ,False ,False ,H ,29.4,3.9,False ,False ,False ,-0.99,NEUTRAL
E,35,L,H ,14.5,4.3,False ,False ,False ,H ,19.4,4.5,False ,False ,False ,-0.33,NEUTRAL
G,37,A,l ,79.4,3.5,False ,False ,False ,l ,77.7,3.1,False ,False ,False ,-2.6,NEUTRAL
G,37,Q,l ,79.4,3.5,False ,False ,False ,l ,86.4,3.4,False ,False ,False ,-2.01,NEUTRAL
H,78,A,l ,86.5,3.3,False ,False ,True ,l ,83.4,3,False ,False ,False ,-0.05,NEUTRAL
H,78,G,l ,86.5,3.3,False ,False ,True ,l ,84.7,3.5,False ,False ,False ,1.13,NEUTRAL
I,23,A,b ,10.8,5,False ,False ,False ,b ,20.9,4.4,False ,False ,False ,-3.96,DESTABILIZING
I,23,V,b ,10.8,5,False ,False ,False ,b ,15,4.8,False ,False ,False ,-2.23,NEUTRAL
I,23,V,b ,10.8,5,False ,False ,False ,b ,15,4.8,False ,False ,False ,-2.23,NEUTRAL
I,56,A,a ,0.5,9.7,False ,False ,False ,a ,5.3,9.6,False ,False ,False ,-3.13,DESTABILIZING
I,56,F,a ,0.5,9.7,False ,False ,False ,a ,0.4,9.3,False ,False ,False ,-0.39,DESTABILIZING
I,56,L,a ,0.5,9.7,False ,False ,False ,a ,0.7,10.2,False ,False ,False ,0.37,NEUTRAL
I,56,M,a ,0.5,9.7,False ,False ,False ,a ,0.3,9.6,True ,False ,False ,-0.88,DESTABILIZING
I,56,T,a ,0.5,9.7,False ,False ,False ,a ,2.1,9.9,False ,False ,False ,-2.04,DESTABILIZING
I,56,V,a ,0.5,9.7,False ,False ,False ,a ,1,9.7,False ,False ,False ,-2.04,DESTABILIZING
I,56,V,a ,0.5,9.7,False ,False ,False ,a ,1,9.7,False ,False ,False ,-2.04,DESTABILIZING
I,59,A,E ,2,7.9,False ,False ,False ,E ,12,7.3,False ,False ,False ,-4.52,DESTABILIZING
I,59,A,E ,2,7.9,False ,False ,False ,E ,12,7.3,False ,False ,False ,-4.52,DESTABILIZING
I,59,F,E ,2,7.9,False ,False ,False ,E ,1,8.7,False ,False ,False ,-1.57,NEUTRAL
I,59,G,E ,2,7.9,False ,False ,False ,E ,27.1,6.2,False ,False ,False ,-2.53,DESTABILIZING
I,59,L,E ,2,7.9,False ,False ,False ,E ,4.4,7.6,False ,False ,False ,-0.8,NEUTRAL
I,59,M,E ,2,7.9,False ,False ,False ,E ,1.6,8,True ,True ,False ,-1.29,DESTABILIZING
I,59,S,E ,2,7.9,False ,False ,False ,E ,5.2,7.7,False ,False ,False ,-4.14,DESTABILIZING
I,59,T,E ,2,7.9,False ,False ,False ,E ,2.8,7.7,False ,False ,False ,-3.29,DESTABILIZING
I,59,V,E ,2,7.9,False ,False ,False ,E ,3.3,7.6,False ,False ,False ,-2.12,NEUTRAL
I,59,V,E ,2,7.9,False ,False ,False ,E ,3.3,7.6,False ,False ,False ,-2.12,DESTABILIZING
I,59,Y,E ,2,7.9,False ,False ,False ,E ,0.8,8.8,False ,True ,True ,-1.7,DESTABILIZING
I,89,A,a ,2.7,5.9,False ,False ,False ,a ,6.6,5.2,False ,False ,False ,-3.13,DESTABILIZING
I,89,V,a ,2.7,5.9,False ,False ,False ,a ,5.6,5.7,False ,False ,False ,-2.04,NEUTRAL
I,89,V,a ,2.7,5.9,False ,False ,False ,a ,5.6,5.7,False ,False ,False ,-2.04,NEUTRAL
P,71,G,p ,57.5,3.4,False ,False ,False ,p ,123.3,3.6,False ,False ,False ,-0.35,DESTABILIZING
Q,58,A,l ,4.7,4.9,True ,True ,True ,l ,14.1,4.7,False ,False ,False ,-1.02,NEUTRAL
Q,58,G,l ,4.7,4.9,True ,True ,True ,l ,20.5,5.4,False ,False ,False ,-0.59,STABILIZING
R,21,A,g ,59,3.6,False ,False ,False ,g ,52.1,3.2,False ,False ,False ,-0.12,STABILIZING
R,21,G,g ,59,3.6,False ,False ,False ,l ,92.9,3.3,False ,False ,False ,0.62,STABILIZING
R,50,A,l ,69.4,3.5,False ,False ,False ,l ,39.8,3.2,False ,False ,False ,0.34,NEUTRAL
R,50,G,l ,69.4,3.5,False ,False ,False ,l ,37.5,4.4,False ,False ,False ,2.18,NEUTRAL
V,74,A,a ,62,3.4,False ,False ,False ,a ,59.3,3.2,False ,False ,False ,0.12,NEUTRAL
V,74,A,a ,62,3.4,False ,False ,False ,a ,59.3,3.2,False ,False ,False ,0.12,NEUTRAL
V,74,F,a ,62,3.4,False ,False ,False ,a ,80.6,3.5,False ,False ,False ,0.14,NEUTRAL
V,74,G,a ,62,3.4,False ,False ,False ,a ,90.5,3.6,False ,False ,False ,-0.3,NEUTRAL
V,74,I,a ,62,3.4,False ,False ,False ,a ,75,3.4,False ,False ,False ,-0.03,NEUTRAL
V,74,L,a ,62,3.4,False ,False ,False ,a ,62.9,3.5,False ,False ,False ,0.47,NEUTRAL
V,74,M,a ,62,3.4,False ,False ,False ,a ,73.8,3.5,False ,False ,False ,-0.1,NEUTRAL
V,74,S,a ,62,3.4,False ,False ,False ,a ,68.6,3.2,False ,False ,True ,-0.5,NEUTRAL
V,93,A,H ,3.4,5.5,False ,False ,False ,H ,5.5,5.2,False ,False ,False ,-0.88,NEUTRAL
V,93,A,H ,3.4,5.5,False ,False ,False ,H ,5.5,5.2,False ,False ,False ,-0.88,NEUTRAL
V,93,T,H ,3.4,5.5,False ,False ,False ,H ,3.2,5.6,False ,False ,True ,-2.37,NEUTRAL
V,99,A,H ,2,6.7,False ,False ,False ,H ,3.5,6.8,False ,False ,False ,-0.88,NEUTRAL
V,99,A,H ,2,6.7,False ,False ,False ,H ,3.5,6.8,False ,False ,False ,-0.88,NEUTRAL
V,99,T,H ,2,6.7,False ,False ,False ,H ,2.1,7,False ,False ,True ,-2.37,NEUTRAL
Y,20,F,p ,28.7,4.2,True ,False ,False ,p ,36.4,4.2,False ,False ,False ,-0.16,NEUTRAL
Y,38,A,l ,12,4.6,False ,False ,False ,l ,16.8,4.5,False ,False ,False ,-1.41,DESTABILIZING
Y,38,F,l ,12,4.6,False ,False ,False ,l ,13.2,4.7,False ,False ,False ,-0.49,NEUTRAL
Y,38,G,l ,12,4.6,False ,False ,False ,l ,20.5,5.1,False ,False ,False ,0.24,DESTABILIZING
Y,45,F,E ,55.6,3.5,False ,False ,False ,E ,58.3,3.5,False ,False ,False ,-0.5,NEUTRAL
Y,54,F,E ,10.5,5,True ,False ,False ,E ,11.5,4.8,False ,False ,False ,-0.78,NEUTRAL
Y,63,F,a ,62.7,3.7,False ,False ,False ,a ,65.5,3.7,False ,False ,False ,0.1,NEUTRAL
D,102,N,p ,45.6,3.5,True ,False ,False ,p ,38,4.1,False ,True ,True ,0.16,NEUTRAL
D,102,N,p ,45.6,3.5,True ,False ,False ,p ,38,4.1,False ,True ,True ,0.16,NEUTRAL
D,102,N,p ,45.6,3.5,True ,False ,False ,p ,38,4.1,False ,True ,True ,0.16,NEUTRAL
D,102,N,p ,45.6,3.5,True ,False ,False ,p ,38,4.1,False ,True ,True ,0.16,NEUTRAL
D,120,N,p ,81.3,3.3,True ,False ,False ,b ,98.2,3.2,False ,False ,False ,-0.11,NEUTRAL
D,120,N,p ,81.3,3.3,True ,False ,False ,b ,98.2,3.2,False ,False ,False ,-0.11,NEUTRAL
D,120,N,p ,81.3,3.3,True ,False ,False ,b ,98.2,3.2,False ,False ,False ,-0.11,NEUTRAL
D,120,N,p ,81.3,3.3,True ,False ,False ,b ,98.2,3.2,False ,False ,False ,-0.11,NEUTRAL
I,106,A,H ,3.1,6.5,False ,False ,False ,H ,10.1,5.5,False ,False ,False ,-2.69,NEUTRAL
I,106,V,H ,3.1,6.5,False ,False ,False ,H ,5,5.7,False ,False ,False ,-2.54,NEUTRAL
I,106,V,H ,3.1,6.5,False ,False ,False ,H ,5,5.7,False ,False ,False ,-2.54,NEUTRAL
N,118,A,g ,109.7,3.3,False ,False ,False ,l ,102.9,3.2,False ,False ,False ,0.21,NEUTRAL
N,118,G,g ,109.7,3.3,False ,False ,False ,l ,123.8,3.4,False ,False ,False ,1.39,NEUTRAL
P,103,G,a ,94.2,3.2,False ,False ,False ,a ,122,3.3,False ,False ,False ,0.27,NEUTRAL
V,100,A,H ,0,7.1,False ,False ,False ,H ,0,7,False ,False ,False ,-0.88,NEUTRAL
V,100,A,H ,0,7.1,False ,False ,False ,H ,0,7,False ,False ,False ,-0.88,NEUTRAL
V,100,F,H ,0,7.1,False ,False ,False ,H ,15.3,4.9,False ,False ,False ,-1.12,DESTABILIZING
V,100,T,H ,0,7.1,False ,False ,False ,H ,0.1,7.2,False ,False ,True ,-2.37,NEUTRAL
V,110,A,H ,69,3.2,False ,False ,False ,H ,75,3.2,False ,False ,False ,0.84,NEUTRAL
V,110,A,H ,69,3.2,False ,False ,False ,H ,75,3.2,False ,False ,False ,0.84,NEUTRAL
V,110,F,H ,69,3.2,False ,False ,False ,H ,89.7,3.3,False ,False ,False ,-0.09,NEUTRAL
V,110,G,H ,69,3.2,False ,False ,False ,H ,67.6,3.8,False ,False ,False ,-0.72,NEUTRAL
V,110,I,H ,69,3.2,False ,False ,False ,H ,86.5,3.3,False ,False ,False ,0.35,NEUTRAL
V,110,L,H ,69,3.2,False ,False ,False ,H ,85.5,3.2,False ,False ,False ,0.68,NEUTRAL
V,110,M,H ,69,3.2,False ,False ,False ,H ,83.6,3.2,False ,False ,False ,0.16,NEUTRAL
V,110,P,H ,69,3.2,False ,False ,False ,H ,66,3.2,False ,False ,False ,-1.71,NEUTRAL
V,121,A,a ,12.7,5,False ,False ,False ,a ,19.9,4.3,False ,False ,False ,-0.74,DESTABILIZING
V,121,A,a ,12.7,5,False ,False ,False ,a ,19.9,4.3,False ,False ,False ,-0.74,DESTABILIZING
V,125,A,a ,20.7,4.5,False ,False ,False ,a ,27.8,3.7,False ,False ,False ,0.12,DESTABILIZING
V,125,A,a ,20.7,4.5,False ,False ,False ,a ,27.8,3.7,False ,False ,False ,0.12,DESTABILIZING
V,130,A,b ,24.6,4.4,False ,False ,False ,b ,27.7,3.9,False ,False ,False ,0,DESTABILIZING
V,130,A,b ,24.6,4.4,False ,False ,False ,b ,27.7,3.9,False ,False ,False ,0,NEUTRAL
Y,124,F,H ,10.8,5,True ,False ,False ,H ,9.8,4.8,False ,False ,False ,-0.87,NEUTRAL
I,59,A,E ,2,7.9,False ,False ,False ,E ,12,7.3,False ,False ,False ,-4.52,STABILIZING
V,2,S,b ,68.8,3.4,False ,False ,False ,b ,70.4,3.3,False ,False ,False ,-1.12,STABILIZING
V,2,D,b ,68.8,3.4,False ,False ,False ,b ,72.4,3.5,True ,False ,False ,-1.26,STABILIZING
V,74,D,a ,62,3.4,False ,False ,False ,a ,63.4,3.4,False ,False ,False ,0.12,NEUTRAL
V,110,D,H ,69,3.2,False ,False ,False ,H ,83.1,3.3,True ,False ,False ,-0.72,NEUTRAL
V,2,N,b ,68.8,3.4,False ,False ,False ,b ,75.2,3.4,False ,False ,True ,-1.13,STABILIZING
V,74,N,a ,62,3.4,False ,False ,False ,a ,72.4,3.5,False ,False ,False ,-0.02,NEUTRAL
V,110,N,H ,69,3.2,False ,False ,False ,H ,89.3,3.3,True ,False ,False ,-0.87,NEUTRAL
V,2,R,b ,68.8,3.4,False ,False ,False ,b ,69.9,3.4,True ,False ,False ,-0.63,NEUTRAL
V,74,R,a ,62,3.4,False ,False ,False ,a ,76.1,3.4,False ,False ,False ,-0.11,NEUTRAL
V,110,R,H ,69,3.2,False ,False ,False ,H ,68,3.3,False ,False ,False ,0.38,DESTABILIZING
V,2,Y,b ,68.8,3.4,False ,False ,False ,b ,78.1,3.4,True ,False ,False ,-0.41,NEUTRAL
V,74,Y,a ,62,3.4,False ,False ,False ,a ,77.7,3.4,False ,False ,False ,-0.15,NEUTRAL
V,110,Y,H ,69,3.2,False ,False ,False ,H ,93.6,3.3,False ,False ,False ,0.22,NEUTRAL
Y,38,G,l ,12,4.6,False ,False ,False ,l ,20.5,5.1,False ,False ,False ,0.24,STABILIZING
R,21,G,g ,59,3.6,False ,False ,False ,l ,92.9,3.3,False ,False ,False ,0.62,DESTABILIZING
Y,38,A,l ,12,4.6,False ,False ,False ,l ,16.8,4.5,False ,False ,False ,-1.41,STABILIZING
R,50,A,l ,69.4,3.5,False ,False ,False ,l ,39.8,3.2,False ,False ,False ,0.34,NEUTRAL
R,21,A,g ,59,3.6,False ,False ,False ,g ,52.1,3.2,False ,False ,False ,-0.12,DESTABILIZING
H,78,A,l ,86.5,3.3,False ,False ,True ,l ,83.4,3,False ,False ,False ,-0.05,NEUTRAL
N,118,G,g ,109.7,3.3,False ,False ,False ,l ,123.8,3.4,False ,False ,False ,1.39,NEUTRAL
Q,58,A,l ,4.7,4.9,True ,True ,True ,l ,14.1,4.7,False ,False ,False ,-1.02,DESTABILIZING
N,118,A,g ,109.7,3.3,False ,False ,False ,l ,102.9,3.2,False ,False ,False ,0.21,NEUTRAL
L,8,T,H ,0.1,8,False ,False ,False ,H ,0.7,7.8,False ,False ,True ,-3.67,STABILIZING
V,93,T,H ,3.4,5.5,False ,False ,False ,H ,3.2,5.6,False ,False ,True ,-2.37,STABILIZING
V,99,T,H ,2,6.7,False ,False ,False ,H ,2.1,7,False ,False ,True ,-2.37,NEUTRAL
V,100,T,H ,0,7.1,False ,False ,False ,H ,0.1,7.2,False ,False ,True ,-2.37,NEUTRAL
A,96,S,H ,0,9.1,False ,False ,False ,H ,0,8.9,False ,False ,True ,-2.18,STABILIZING
A,32,S,H ,0,9.1,False ,False ,False ,H ,0.4,9,False ,False ,True ,-2.18,NEUTRAL
A,9,S,H ,0,7.9,False ,False ,False ,H ,0,7.7,True ,False ,True ,-1.99,NEUTRAL
A,92,S,H ,5.8,8.6,False ,False ,False ,H ,5.6,9,False ,False ,True ,-2.18,DESTABILIZING
G,48,A,a ,131.9,3.2,False ,False ,False ,a ,107.5,3,False ,False ,False ,0.43,NEUTRAL
G,68,A,g ,93.8,3.5,False ,False ,False ,g ,81,3.1,False ,False ,False ,-3.13,NEUTRAL
G,127,A,g ,124.4,3.2,False ,False ,False ,g ,99.2,3,False ,False ,False ,-3.13,STABILIZING
G,37,A,l ,79.4,3.5,False ,False ,False ,l ,77.7,3.1,False ,False ,False ,-2.6,NEUTRAL
G,72,A,g ,108.6,3.4,False ,False ,False ,g ,88.3,3.2,False ,False ,False ,-3.13,NEUTRAL
G,105,A,e ,42.2,5.2,False ,False ,False ,e ,29.3,3.6,False ,False ,False ,-2.15,STABILIZING
G,19,A,l ,71.1,3.6,False ,False ,False ,l ,74.4,3.2,False ,False ,False ,-2.6,STABILIZING
G,129,A,l ,126.7,3.3,False ,False ,False ,l ,100.6,3.1,False ,False ,False ,-2.6,NEUTRAL
G,16,A,l ,94.4,3.7,False ,False ,False ,l ,80.8,3,False ,False ,False ,-2.6,STABILIZING
G,22,A,l ,106,3.4,False ,False ,False ,l ,97.1,3,False ,False ,False ,-2.6,STABILIZING
V,2,G,b ,68.8,3.4,False ,False ,False ,b ,61.8,3.6,False ,False ,False ,-0.46,STABILIZING
V,74,G,a ,62,3.4,False ,False ,False ,a ,90.5,3.6,False ,False ,False ,-0.3,NEUTRAL
V,110,G,H ,69,3.2,False ,False ,False ,H ,67.6,3.8,False ,False ,False ,-0.72,NEUTRAL
E,7,Q,H ,40.5,3.6,True ,True ,False ,H ,63.7,3.6,True ,False ,False ,-0.5,NEUTRAL
D,18,N,p ,42.1,3.5,False ,True ,False ,p ,60.3,3.6,False ,True ,False ,-0.43,STABILIZING
D,49,N,a ,67.8,3.5,True ,True ,False ,a ,73,3.7,False ,False ,False ,-0.86,NEUTRAL
D,67,N,a ,15.4,4.9,True ,True ,False ,a ,13.4,5,True ,True ,False ,-0.83,NEUTRAL
D,120,N,p ,81.3,3.3,True ,False ,False ,b ,98.2,3.2,False ,False ,False ,-0.11,NEUTRAL
D,102,N,p ,45.6,3.5,True ,False ,False ,p ,38,4.1,False ,True ,True ,0.16,NEUTRAL
V,74,I,a ,62,3.4,False ,False ,False ,a ,75,3.4,False ,False ,False ,-0.03,NEUTRAL
V,2,I,b ,68.8,3.4,False ,False ,False ,b ,71.4,3.5,False ,False ,False ,0.08,DESTABILIZING
V,110,I,H ,69,3.2,False ,False ,False ,H ,86.5,3.3,False ,False ,False ,0.35,DESTABILIZING
V,74,L,a ,62,3.4,False ,False ,False ,a ,62.9,3.5,False ,False ,False ,0.47,NEUTRAL
V,2,L,b ,68.8,3.4,False ,False ,False ,b ,75.7,3.4,False ,False ,False ,-0.66,NEUTRAL
V,110,L,H ,69,3.2,False ,False ,False ,H ,85.5,3.2,False ,False ,False ,0.68,NEUTRAL
V,2,M,b ,68.8,3.4,False ,False ,False ,b ,70.7,3.3,False ,False ,False ,-0.66,NEUTRAL
V,110,M,H ,69,3.2,False ,False ,False ,H ,83.6,3.2,False ,False ,False ,0.16,DESTABILIZING
V,74,M,a ,62,3.4,False ,False ,False ,a ,73.8,3.5,False ,False ,False ,-0.1,DESTABILIZING
V,2,F,b ,68.8,3.4,False ,False ,False ,b ,76.7,3.4,False ,False ,False ,-0.46,STABILIZING
V,74,F,a ,62,3.4,False ,False ,False ,a ,80.6,3.5,False ,False ,False ,0.14,NEUTRAL
V,110,F,H ,69,3.2,False ,False ,False ,H ,89.7,3.3,False ,False ,False ,-0.09,NEUTRAL
R,50,G,l ,69.4,3.5,False ,False ,False ,l ,37.5,4.4,False ,False ,False ,2.18,NEUTRAL
H,78,G,l ,86.5,3.3,False ,False ,True ,l ,84.7,3.5,False ,False ,False ,1.13,NEUTRAL
Q,58,G,l ,4.7,4.9,True ,True ,True ,l ,20.5,5.4,False ,False ,False ,-0.59,DESTABILIZING
K,1,A,b ,38.4,3.8,True ,False ,False ,g ,52.1,3.2,False ,False ,False ,0,STABILIZING
I,59,S,E ,2,7.9,False ,False ,False ,E ,5.2,7.7,False ,False ,False ,-4.14,STABILIZING
I,59,T,E ,2,7.9,False ,False ,False ,E ,2.8,7.7,False ,False ,False ,-3.29,STABILIZING
V,74,S,a ,62,3.4,False ,False ,False ,a ,68.6,3.2,False ,False ,True ,-0.5,NEUTRAL
I,56,L,a ,0.5,9.7,False ,False ,False ,a ,0.7,10.2,False ,False ,False ,0.37,NEUTRAL
I,59,L,E ,2,7.9,False ,False ,False ,E ,4.4,7.6,False ,False ,False ,-0.8,NEUTRAL
I,56,M,a ,0.5,9.7,False ,False ,False ,a ,0.3,9.6,True ,False ,False ,-0.88,STABILIZING
I,59,M,E ,2,7.9,False ,False ,False ,E ,1.6,8,True ,True ,False ,-1.29,STABILIZING
K,1,M,b ,38.4,3.8,True ,False ,False ,b ,80.3,3.3,True ,False ,False ,0,NEUTRAL
E,35,L,H ,14.5,4.3,False ,False ,False ,H ,19.4,4.5,False ,False ,False ,-0.33,STABILIZING
I,56,F,a ,0.5,9.7,False ,False ,False ,a ,0.4,9.3,False ,False ,False ,-0.39,STABILIZING
I,59,F,E ,2,7.9,False ,False ,False ,E ,1,8.7,False ,False ,False ,-1.57,STABILIZING
I,59,Y,E ,2,7.9,False ,False ,False ,E ,0.8,8.8,False ,True ,True ,-1.7,STABILIZING
V,100,F,H ,0,7.1,False ,False ,False ,H ,15.3,4.9,False ,False ,False ,-1.12,STABILIZING
A,32,L,H ,0,9.1,False ,False ,False ,H ,0,9.8,False ,False ,False ,-0.44,NEUTRAL
A,96,M,H ,0,9.1,False ,False ,False ,H ,0,10.2,False ,False ,False ,-1.34,NEUTRAL
G,37,Q,l ,79.4,3.5,False ,False ,False ,l ,86.4,3.4,False ,False ,False ,-2.01,NEUTRAL
V,99,A,H ,2,6.7,False ,False ,False ,H ,3.5,6.8,False ,False ,False ,-0.88,STABILIZING
V,110,A,H ,69,3.2,False ,False ,False ,H ,75,3.2,False ,False ,False ,0.84,NEUTRAL
I,59,V,E ,2,7.9,False ,False ,False ,E ,3.3,7.6,False ,False ,False ,-2.12,STABILIZING
I,89,V,a ,2.7,5.9,False ,False ,False ,a ,5.6,5.7,False ,False ,False ,-2.04,NEUTRAL
Y,54,F,E ,10.5,5,True ,False ,False ,E ,11.5,4.8,False ,False ,False ,-0.78,STABILIZING
Y,63,F,a ,62.7,3.7,False ,False ,False ,a ,65.5,3.7,False ,False ,False ,0.1,NEUTRAL
Y,45,F,E ,55.6,3.5,False ,False ,False ,E ,58.3,3.5,False ,False ,False ,-0.5,NEUTRAL
Y,20,F,p ,28.7,4.2,True ,False ,False ,p ,36.4,4.2,False ,False ,False ,-0.16,NEUTRAL
Y,38,F,l ,12,4.6,False ,False ,False ,l ,13.2,4.7,False ,False ,False ,-0.49,NEUTRAL
Y,124,F,H ,10.8,5,True ,False ,False ,H ,9.8,4.8,False ,False ,False ,-0.87,NEUTRAL
I,59,G,E ,2,7.9,False ,False ,False ,E ,27.1,6.2,False ,False ,False ,-2.53,STABILIZING
I,56,A,a ,0.5,9.7,False ,False ,False ,a ,5.3,9.6,False ,False ,False ,-3.13,STABILIZING
I,89,A,a ,2.7,5.9,False ,False ,False ,a ,6.6,5.2,False ,False ,False ,-3.13,STABILIZING
I,23,A,b ,10.8,5,False ,False ,False ,b ,20.9,4.4,False ,False ,False ,-3.96,STABILIZING
I,106,A,H ,3.1,6.5,False ,False ,False ,H ,10.1,5.5,False ,False ,False ,-2.69,STABILIZING
V,121,A,a ,12.7,5,False ,False ,False ,a ,19.9,4.3,False ,False ,False ,-0.74,STABILIZING
V,125,A,a ,20.7,4.5,False ,False ,False ,a ,27.8,3.7,False ,False ,False ,0.12,STABILIZING
V,130,A,b ,24.6,4.4,False ,False ,False ,b ,27.7,3.9,False ,False ,False ,0,STABILIZING
V,2,A,b ,68.8,3.4,False ,False ,False ,b ,70.7,3.3,False ,False ,False ,-1.16,STABILIZING
V,93,A,H ,3.4,5.5,False ,False ,False ,H ,5.5,5.2,False ,False ,False ,-0.88,STABILIZING
V,100,A,H ,0,7.1,False ,False ,False ,H ,0,7,False ,False ,False ,-0.88,NEUTRAL
V,74,A,a ,62,3.4,False ,False ,False ,a ,59.3,3.2,False ,False ,False ,0.12,NEUTRAL
I,56,T,a ,0.5,9.7,False ,False ,False ,a ,2.1,9.9,False ,False ,False ,-2.04,STABILIZING
I,56,V,a ,0.5,9.7,False ,False ,False ,a ,1,9.7,False ,False ,False ,-2.04,STABILIZING
I,23,V,b ,10.8,5,False ,False ,False ,b ,15,4.8,False ,False ,False ,-2.23,NEUTRAL
I,106,V,H ,3.1,6.5,False ,False ,False ,H ,5,5.7,False ,False ,False ,-2.54,STABILIZING
P,71,G,p ,57.5,3.4,False ,False ,False ,p ,123.3,3.6,False ,False ,False ,-0.35,STABILIZING
P,103,G,a ,94.2,3.2,False ,False ,False ,a ,122,3.3,False ,False ,False ,0.27,NEUTRAL
C,77,A,a ,4.9,5,False ,False ,True ,a ,4.7,4.8,False ,False ,False ,-0.77,STABILIZING
V,110,P,H ,69,3.2,False ,False ,False ,H ,66,3.2,False ,False ,False ,-1.71,NEUTRAL
D,91,P,H ,43.7,3.8,True ,False ,False ,H ,29.4,3.9,False ,False ,False ,-0.99,NEUTRAL
A,47,P,a ,83.8,3,False ,False ,False ,a ,72.2,3.2,False ,False ,False ,-0.67,NEUTRAL
K,1,A,b ,38.4,3.8,True ,False ,False ,g ,52.1,3.2,False ,False ,False ,0,DESTABILIZING
K,1,M,b ,38.4,3.8,True ,False ,False ,b ,80.3,3.3,True ,False ,False ,0,DESTABILIZING
V,2,D,b ,68.8,3.4,False ,False ,False ,b ,72.4,3.5,True ,False ,False ,-1.26,DESTABILIZING
V,2,F,b ,68.8,3.4,False ,False ,False ,b ,76.7,3.4,False ,False ,False ,-0.46,DESTABILIZING
V,2,G,b ,68.8,3.4,False ,False ,False ,b ,61.8,3.6,False ,False ,False ,-0.46,DESTABILIZING
V,2,L,b ,68.8,3.4,False ,False ,False ,b ,75.7,3.4,False ,False ,False ,-0.66,DESTABILIZING
V,2,M,b ,68.8,3.4,False ,False ,False ,b ,70.7,3.3,False ,False ,False ,-0.66,DESTABILIZING
V,2,N,b ,68.8,3.4,False ,False ,False ,b ,75.2,3.4,False ,False ,True ,-1.13,DESTABILIZING
V,2,R,b ,68.8,3.4,False ,False ,False ,b ,69.9,3.4,True ,False ,False ,-0.63,DESTABILIZING
V,2,S,b ,68.8,3.4,False ,False ,False ,b ,70.4,3.3,False ,False ,False ,-1.12,DESTABILIZING
V,2,Y,b ,68.8,3.4,False ,False ,False ,b ,78.1,3.4,True ,False ,False ,-0.41,DESTABILIZING
E,7,Q,H ,40.5,3.6,True ,True ,False ,H ,63.7,3.6,True ,False ,False ,-0.5,DESTABILIZING
L,8,T,H ,0.1,8,False ,False ,False ,H ,0.7,7.8,False ,False ,True ,-3.67,DESTABILIZING
A,9,S,H ,0,7.9,False ,False ,False ,H ,0,7.7,True ,False ,True ,-1.99,DESTABILIZING
G,16,A,l ,94.4,3.7,False ,False ,False ,l ,80.8,3,False ,False ,False ,-2.6,DESTABILIZING
D,18,N,p ,42.1,3.5,False ,True ,False ,p ,60.3,3.6,False ,True ,False ,-0.43,DESTABILIZING
G,19,A,l ,71.1,3.6,False ,False ,False ,l ,74.4,3.2,False ,False ,False ,-2.6,DESTABILIZING
G,22,A,l ,106,3.4,False ,False ,False ,l ,97.1,3,False ,False ,False ,-2.6,DESTABILIZING
A,32,L,H ,0,9.1,False ,False ,False ,H ,0,9.8,False ,False ,False ,-0.44,DESTABILIZING
A,32,S,H ,0,9.1,False ,False ,False ,H ,0.4,9,False ,False ,True ,-2.18,DESTABILIZING
E,35,L,H ,14.5,4.3,False ,False ,False ,H ,19.4,4.5,False ,False ,False ,-0.33,DESTABILIZING
G,37,A,l ,79.4,3.5,False ,False ,False ,l ,77.7,3.1,False ,False ,False ,-2.6,DESTABILIZING
G,37,Q,l ,79.4,3.5,False ,False ,False ,l ,86.4,3.4,False ,False ,False ,-2.01,DESTABILIZING
Y,38,A,l ,12,4.6,False ,False ,False ,l ,16.8,4.5,False ,False ,False ,-1.41,DESTABILIZING
Y,38,G,l ,12,4.6,False ,False ,False ,l ,20.5,5.1,False ,False ,False ,0.24,DESTABILIZING
D,49,N,a ,67.8,3.5,True ,True ,False ,a ,73,3.7,False ,False ,False ,-0.86,DESTABILIZING
I,56,F,a ,0.5,9.7,False ,False ,False ,a ,0.4,9.3,False ,False ,False ,-0.39,DESTABILIZING
I,59,F,E ,2,7.9,False ,False ,False ,E ,1,8.7,False ,False ,False ,-1.57,DESTABILIZING
I,59,Y,E ,2,7.9,False ,False ,False ,E ,0.8,8.8,False ,True ,True ,-1.7,DESTABILIZING
D,67,N,a ,15.4,4.9,True ,True ,False ,a ,13.4,5,True ,True ,False ,-0.83,DESTABILIZING
G,68,A,g ,93.8,3.5,False ,False ,False ,g ,81,3.1,False ,False ,False ,-3.13,DESTABILIZING
P,71,G,p ,57.5,3.4,False ,False ,False ,p ,123.3,3.6,False ,False ,False ,-0.35,DESTABILIZING
G,72,A,g ,108.6,3.4,False ,False ,False ,g ,88.3,3.2,False ,False ,False ,-3.13,DESTABILIZING
V,74,D,a ,62,3.4,False ,False ,False ,a ,63.4,3.4,False ,False ,False ,0.12,DESTABILIZING
V,74,F,a ,62,3.4,False ,False ,False ,a ,80.6,3.5,False ,False ,False ,0.14,DESTABILIZING
V,74,G,a ,62,3.4,False ,False ,False ,a ,90.5,3.6,False ,False ,False ,-0.3,DESTABILIZING
V,74,N,a ,62,3.4,False ,False ,False ,a ,72.4,3.5,False ,False ,False ,-0.02,DESTABILIZING
V,74,R,a ,62,3.4,False ,False ,False ,a ,76.1,3.4,False ,False ,False ,-0.11,DESTABILIZING
V,74,S,a ,62,3.4,False ,False ,False ,a ,68.6,3.2,False ,False ,True ,-0.5,DESTABILIZING
V,74,Y,a ,62,3.4,False ,False ,False ,a ,77.7,3.4,False ,False ,False ,-0.15,DESTABILIZING
C,77,A,a ,4.9,5,False ,False ,True ,a ,4.7,4.8,False ,False ,False ,-0.77,DESTABILIZING
H,78,A,l ,86.5,3.3,False ,False ,True ,l ,83.4,3,False ,False ,False ,-0.05,DESTABILIZING
H,78,G,l ,86.5,3.3,False ,False ,True ,l ,84.7,3.5,False ,False ,False ,1.13,DESTABILIZING
D,91,P,H ,43.7,3.8,True ,False ,False ,H ,29.4,3.9,False ,False ,False ,-0.99,DESTABILIZING
V,93,T,H ,3.4,5.5,False ,False ,False ,H ,3.2,5.6,False ,False ,True ,-2.37,DESTABILIZING
A,96,S,H ,0,9.1,False ,False ,False ,H ,0,8.9,False ,False ,True ,-2.18,DESTABILIZING
V,99,T,H ,2,6.7,False ,False ,False ,H ,2.1,7,False ,False ,True ,-2.37,DESTABILIZING
V,100,F,H ,0,7.1,False ,False ,False ,H ,15.3,4.9,False ,False ,False ,-1.12,DESTABILIZING
V,100,T,H ,0,7.1,False ,False ,False ,H ,0.1,7.2,False ,False ,True ,-2.37,DESTABILIZING
D,102,N,p ,45.6,3.5,True ,False ,False ,p ,38,4.1,False ,True ,True ,0.16,DESTABILIZING
P,103,G,a ,94.2,3.2,False ,False ,False ,a ,122,3.3,False ,False ,False ,0.27,DESTABILIZING
G,105,A,e ,42.2,5.2,False ,False ,False ,e ,29.3,3.6,False ,False ,False ,-2.15,DESTABILIZING
V,110,F,H ,69,3.2,False ,False ,False ,H ,89.7,3.3,False ,False ,False ,-0.09,DESTABILIZING
V,110,Y,H ,69,3.2,False ,False ,False ,H ,93.6,3.3,False ,False ,False ,0.22,DESTABILIZING
D,120,N,p ,81.3,3.3,True ,False ,False ,b ,98.2,3.2,False ,False ,False ,-0.11,DESTABILIZING
G,127,A,g ,124.4,3.2,False ,False ,False ,g ,99.2,3,False ,False ,False ,-3.13,DESTABILIZING
V,130,A,b ,24.6,4.4,False ,False ,False ,b ,27.7,3.9,False ,False ,False ,0,DESTABILIZING
V,2,I,b ,68.8,3.4,False ,False ,False ,b ,71.4,3.5,False ,False ,False ,0.08,STABILIZING
R,21,A,g ,59,3.6,False ,False ,False ,g ,52.1,3.2,False ,False ,False ,-0.12,STABILIZING
R,21,G,g ,59,3.6,False ,False ,False ,l ,92.9,3.3,False ,False ,False ,0.62,STABILIZING
A,47,P,a ,83.8,3,False ,False ,False ,a ,72.2,3.2,False ,False ,False ,-0.67,STABILIZING
G,48,A,a ,131.9,3.2,False ,False ,False ,a ,107.5,3,False ,False ,False ,0.43,STABILIZING
R,50,A,l ,69.4,3.5,False ,False ,False ,l ,39.8,3.2,False ,False ,False ,0.34,STABILIZING
R,50,G,l ,69.4,3.5,False ,False ,False ,l ,37.5,4.4,False ,False ,False ,2.18,STABILIZING
Q,58,A,l ,4.7,4.9,True ,True ,True ,l ,14.1,4.7,False ,False ,False ,-1.02,STABILIZING
Q,58,G,l ,4.7,4.9,True ,True ,True ,l ,20.5,5.4,False ,False ,False ,-0.59,STABILIZING
V,74,I,a ,62,3.4,False ,False ,False ,a ,75,3.4,False ,False ,False ,-0.03,STABILIZING
V,74,L,a ,62,3.4,False ,False ,False ,a ,62.9,3.5,False ,False ,False ,0.47,STABILIZING
V,74,M,a ,62,3.4,False ,False ,False ,a ,73.8,3.5,False ,False ,False ,-0.1,STABILIZING
A,92,S,H ,5.8,8.6,False ,False ,False ,H ,5.6,9,False ,False ,True ,-2.18,STABILIZING
A,96,M,H ,0,9.1,False ,False ,False ,H ,0,10.2,False ,False ,False ,-1.34,STABILIZING
V,110,D,H ,69,3.2,False ,False ,False ,H ,83.1,3.3,True ,False ,False ,-0.72,STABILIZING
V,110,G,H ,69,3.2,False ,False ,False ,H ,67.6,3.8,False ,False ,False ,-0.72,STABILIZING
V,110,I,H ,69,3.2,False ,False ,False ,H ,86.5,3.3,False ,False ,False ,0.35,STABILIZING
V,110,L,H ,69,3.2,False ,False ,False ,H ,85.5,3.2,False ,False ,False ,0.68,STABILIZING
V,110,M,H ,69,3.2,False ,False ,False ,H ,83.6,3.2,False ,False ,False ,0.16,STABILIZING
V,110,N,H ,69,3.2,False ,False ,False ,H ,89.3,3.3,True ,False ,False ,-0.87,STABILIZING
V,110,P,H ,69,3.2,False ,False ,False ,H ,66,3.2,False ,False ,False ,-1.71,STABILIZING
V,110,R,H ,69,3.2,False ,False ,False ,H ,68,3.3,False ,False ,False ,0.38,STABILIZING
N,118,A,g ,109.7,3.3,False ,False ,False ,l ,102.9,3.2,False ,False ,False ,0.21,STABILIZING
N,118,G,g ,109.7,3.3,False ,False ,False ,l ,123.8,3.4,False ,False ,False ,1.39,STABILIZING
G,129,A,l ,126.7,3.3,False ,False ,False ,l ,100.6,3.1,False ,False ,False ,-2.6,STABILIZING
A,9,S,H ,0,7.9,False ,False ,False ,H ,0,7.7,True ,False ,True ,-1.99,DESTABILIZING
E,7,Q,H ,40.5,3.6,True ,True ,False ,H ,63.7,3.6,True ,False ,False ,-0.5,STABILIZING
E,7,Q,H ,40.5,3.6,True ,True ,False ,H ,63.7,3.6,True ,False ,False ,-0.5,DESTABILIZING
E,7,Q,H ,40.5,3.6,True ,True ,False ,H ,63.7,3.6,True ,False ,False ,-0.5,DESTABILIZING
E,7,Q,H ,40.5,3.6,True ,True ,False ,H ,63.7,3.6,True ,False ,False ,-0.5,DESTABILIZING
K,1,A,b ,38.4,3.8,True ,False ,False ,g ,52.1,3.2,False ,False ,False ,0,DESTABILIZING
K,1,M,b ,38.4,3.8,True ,False ,False ,b ,80.3,3.3,True ,False ,False ,0,DESTABILIZING
L,8,T,H ,0.1,8,False ,False ,False ,H ,0.7,7.8,False ,False ,True ,-3.67,DESTABILIZING
V,2,A,b ,68.8,3.4,False ,False ,False ,b ,70.7,3.3,False ,False ,False ,-1.16,DESTABILIZING
V,2,A,b ,68.8,3.4,False ,False ,False ,b ,70.7,3.3,False ,False ,False ,-1.16,DESTABILIZING
V,2,D,b ,68.8,3.4,False ,False ,False ,b ,72.4,3.5,True ,False ,False ,-1.26,DESTABILIZING
V,2,F,b ,68.8,3.4,False ,False ,False ,b ,76.7,3.4,False ,False ,False ,-0.46,DESTABILIZING
V,2,G,b ,68.8,3.4,False ,False ,False ,b ,61.8,3.6,False ,False ,False ,-0.46,DESTABILIZING
V,2,I,b ,68.8,3.4,False ,False ,False ,b ,71.4,3.5,False ,False ,False ,0.08,STABILIZING
V,2,L,b ,68.8,3.4,False ,False ,False ,b ,75.7,3.4,False ,False ,False ,-0.66,DESTABILIZING
V,2,M,b ,68.8,3.4,False ,False ,False ,b ,70.7,3.3,False ,False ,False ,-0.66,DESTABILIZING
V,2,N,b ,68.8,3.4,False ,False ,False ,b ,75.2,3.4,False ,False ,True ,-1.13,DESTABILIZING
V,2,R,b ,68.8,3.4,False ,False ,False ,b ,69.9,3.4,True ,False ,False ,-0.63,DESTABILIZING
V,2,S,b ,68.8,3.4,False ,False ,False ,b ,70.4,3.3,False ,False ,False ,-1.12,DESTABILIZING
V,2,Y,b ,68.8,3.4,False ,False ,False ,b ,78.1,3.4,True ,False ,False ,-0.41,DESTABILIZING
A,32,L,H ,0,9.1,False ,False ,False ,H ,0,9.8,False ,False ,False ,-0.44,DESTABILIZING
A,32,S,H ,0,9.1,False ,False ,False ,H ,0.4,9,False ,False ,True ,-2.18,DESTABILIZING
A,47,P,a ,83.8,3,False ,False ,False ,a ,72.2,3.2,False ,False ,False ,-0.67,STABILIZING
A,92,S,H ,5.8,8.6,False ,False ,False ,H ,5.6,9,False ,False ,True ,-2.18,STABILIZING
A,96,M,H ,0,9.1,False ,False ,False ,H ,0,10.2,False ,False ,False ,-1.34,STABILIZING
A,96,S,H ,0,9.1,False ,False ,False ,H ,0,8.9,False ,False ,True ,-2.18,DESTABILIZING
C,77,A,a ,4.9,5,False ,False ,True ,a ,4.7,4.8,False ,False ,False ,-0.77,DESTABILIZING
D,18,N,p ,42.1,3.5,False ,True ,False ,p ,60.3,3.6,False ,True ,False ,-0.43,DESTABILIZING
D,18,N,p ,42.1,3.5,False ,True ,False ,p ,60.3,3.6,False ,True ,False ,-0.43,DESTABILIZING
D,49,N,a ,67.8,3.5,True ,True ,False ,a ,73,3.7,False ,False ,False ,-0.86,DESTABILIZING
D,67,N,a ,15.4,4.9,True ,True ,False ,a ,13.4,5,True ,True ,False ,-0.83,DESTABILIZING
D,67,N,a ,15.4,4.9,True ,True ,False ,a ,13.4,5,True ,True ,False ,-0.83,DESTABILIZING
D,67,N,a ,15.4,4.9,True ,True ,False ,a ,13.4,5,True ,True ,False ,-0.83,DESTABILIZING
D,67,N,a ,15.4,4.9,True ,True ,False ,a ,13.4,5,True ,True ,False ,-0.83,DESTABILIZING
D,91,P,H ,43.7,3.8,True ,False ,False ,H ,29.4,3.9,False ,False ,False ,-0.99,DESTABILIZING
E,35,L,H ,14.5,4.3,False ,False ,False ,H ,19.4,4.5,False ,False ,False ,-0.33,DESTABILIZING
G,37,A,l ,79.4,3.5,False ,False ,False ,l ,77.7,3.1,False ,False ,False ,-2.6,DESTABILIZING
G,37,Q,l ,79.4,3.5,False ,False ,False ,l ,86.4,3.4,False ,False ,False ,-2.01,DESTABILIZING
G,37,Q,l ,79.4,3.5,False ,False ,False ,l ,86.4,3.4,False ,False ,False ,-2.01,DESTABILIZING
H,78,A,l ,86.5,3.3,False ,False ,True ,l ,83.4,3,False ,False ,False ,-0.05,DESTABILIZING
H,78,G,l ,86.5,3.3,False ,False ,True ,l ,84.7,3.5,False ,False ,False ,1.13,DESTABILIZING
H,78,G,l ,86.5,3.3,False ,False ,True ,l ,84.7,3.5,False ,False ,False ,1.13,DESTABILIZING
I,23,A,b ,10.8,5,False ,False ,False ,b ,20.9,4.4,False ,False ,False ,-3.96,DESTABILIZING
I,23,V,b ,10.8,5,False ,False ,False ,b ,15,4.8,False ,False ,False ,-2.23,DESTABILIZING
I,23,V,b ,10.8,5,False ,False ,False ,b ,15,4.8,False ,False ,False ,-2.23,DESTABILIZING
I,56,A,a ,0.5,9.7,False ,False ,False ,a ,5.3,9.6,False ,False ,False ,-3.13,DESTABILIZING
I,56,A,a ,0.5,9.7,False ,False ,False ,a ,5.3,9.6,False ,False ,False ,-3.13,DESTABILIZING
I,56,F,a ,0.5,9.7,False ,False ,False ,a ,0.4,9.3,False ,False ,False ,-0.39,DESTABILIZING
I,56,L,a ,0.5,9.7,False ,False ,False ,a ,0.7,10.2,False ,False ,False ,0.37,DESTABILIZING
I,56,M,a ,0.5,9.7,False ,False ,False ,a ,0.3,9.6,True ,False ,False ,-0.88,DESTABILIZING
I,56,T,a ,0.5,9.7,False ,False ,False ,a ,2.1,9.9,False ,False ,False ,-2.04,DESTABILIZING
I,56,T,a ,0.5,9.7,False ,False ,False ,a ,2.1,9.9,False ,False ,False ,-2.04,DESTABILIZING
I,56,V,a ,0.5,9.7,False ,False ,False ,a ,1,9.7,False ,False ,False ,-2.04,DESTABILIZING
I,56,V,a ,0.5,9.7,False ,False ,False ,a ,1,9.7,False ,False ,False ,-2.04,DESTABILIZING
I,56,V,a ,0.5,9.7,False ,False ,False ,a ,1,9.7,False ,False ,False ,-2.04,DESTABILIZING
I,59,A,E ,2,7.9,False ,False ,False ,E ,12,7.3,False ,False ,False ,-4.52,DESTABILIZING
I,59,A,E ,2,7.9,False ,False ,False ,E ,12,7.3,False ,False ,False ,-4.52,DESTABILIZING
I,59,A,E ,2,7.9,False ,False ,False ,E ,12,7.3,False ,False ,False ,-4.52,DESTABILIZING
I,59,F,E ,2,7.9,False ,False ,False ,E ,1,8.7,False ,False ,False ,-1.57,DESTABILIZING
I,59,G,E ,2,7.9,False ,False ,False ,E ,27.1,6.2,False ,False ,False ,-2.53,DESTABILIZING
I,59,G,E ,2,7.9,False ,False ,False ,E ,27.1,6.2,False ,False ,False ,-2.53,DESTABILIZING
I,59,M,E ,2,7.9,False ,False ,False ,E ,1.6,8,True ,True ,False ,-1.29,DESTABILIZING
I,59,S,E ,2,7.9,False ,False ,False ,E ,5.2,7.7,False ,False ,False ,-4.14,DESTABILIZING
I,59,T,E ,2,7.9,False ,False ,False ,E ,2.8,7.7,False ,False ,False ,-3.29,DESTABILIZING
I,59,V,E ,2,7.9,False ,False ,False ,E ,3.3,7.6,False ,False ,False ,-2.12,DESTABILIZING
I,59,V,E ,2,7.9,False ,False ,False ,E ,3.3,7.6,False ,False ,False ,-2.12,DESTABILIZING
I,59,V,E ,2,7.9,False ,False ,False ,E ,3.3,7.6,False ,False ,False ,-2.12,DESTABILIZING
I,59,Y,E ,2,7.9,False ,False ,False ,E ,0.8,8.8,False ,True ,True ,-1.7,DESTABILIZING
I,89,A,a ,2.7,5.9,False ,False ,False ,a ,6.6,5.2,False ,False ,False ,-3.13,DESTABILIZING
I,89,V,a ,2.7,5.9,False ,False ,False ,a ,5.6,5.7,False ,False ,False ,-2.04,DESTABILIZING
I,89,V,a ,2.7,5.9,False ,False ,False ,a ,5.6,5.7,False ,False ,False ,-2.04,DESTABILIZING
P,71,G,p ,57.5,3.4,False ,False ,False ,p ,123.3,3.6,False ,False ,False ,-0.35,DESTABILIZING
Q,58,A,l ,4.7,4.9,True ,True ,True ,l ,14.1,4.7,False ,False ,False ,-1.02,STABILIZING
Q,58,G,l ,4.7,4.9,True ,True ,True ,l ,20.5,5.4,False ,False ,False ,-0.59,STABILIZING
Q,58,G,l ,4.7,4.9,True ,True ,True ,l ,20.5,5.4,False ,False ,False ,-0.59,STABILIZING
R,21,A,g ,59,3.6,False ,False ,False ,g ,52.1,3.2,False ,False ,False ,-0.12,STABILIZING
R,21,G,g ,59,3.6,False ,False ,False ,l ,92.9,3.3,False ,False ,False ,0.62,STABILIZING
R,50,A,l ,69.4,3.5,False ,False ,False ,l ,39.8,3.2,False ,False ,False ,0.34,STABILIZING
R,50,G,l ,69.4,3.5,False ,False ,False ,l ,37.5,4.4,False ,False ,False ,2.18,STABILIZING
R,50,G,l ,69.4,3.5,False ,False ,False ,l ,37.5,4.4,False ,False ,False ,2.18,STABILIZING
V,74,A,a ,62,3.4,False ,False ,False ,a ,59.3,3.2,False ,False ,False ,0.12,DESTABILIZING
V,74,A,a ,62,3.4,False ,False ,False ,a ,59.3,3.2,False ,False ,False ,0.12,DESTABILIZING
V,74,D,a ,62,3.4,False ,False ,False ,a ,63.4,3.4,False ,False ,False ,0.12,DESTABILIZING
V,74,F,a ,62,3.4,False ,False ,False ,a ,80.6,3.5,False ,False ,False ,0.14,DESTABILIZING
V,74,G,a ,62,3.4,False ,False ,False ,a ,90.5,3.6,False ,False ,False ,-0.3,DESTABILIZING
V,74,I,a ,62,3.4,False ,False ,False ,a ,75,3.4,False ,False ,False ,-0.03,STABILIZING
V,74,L,a ,62,3.4,False ,False ,False ,a ,62.9,3.5,False ,False ,False ,0.47,STABILIZING
V,74,M,a ,62,3.4,False ,False ,False ,a ,73.8,3.5,False ,False ,False ,-0.1,STABILIZING
V,74,N,a ,62,3.4,False ,False ,False ,a ,72.4,3.5,False ,False ,False ,-0.02,DESTABILIZING
V,74,R,a ,62,3.4,False ,False ,False ,a ,76.1,3.4,False ,False ,False ,-0.11,DESTABILIZING
V,74,S,a ,62,3.4,False ,False ,False ,a ,68.6,3.2,False ,False ,True ,-0.5,DESTABILIZING
V,74,S,a ,62,3.4,False ,False ,False ,a ,68.6,3.2,False ,False ,True ,-0.5,DESTABILIZING
V,74,Y,a ,62,3.4,False ,False ,False ,a ,77.7,3.4,False ,False ,False ,-0.15,DESTABILIZING
V,93,A,H ,3.4,5.5,False ,False ,False ,H ,5.5,5.2,False ,False ,False ,-0.88,DESTABILIZING
V,93,A,H ,3.4,5.5,False ,False ,False ,H ,5.5,5.2,False ,False ,False ,-0.88,DESTABILIZING
V,93,T,H ,3.4,5.5,False ,False ,False ,H ,3.2,5.6,False ,False ,True ,-2.37,DESTABILIZING
V,99,A,H ,2,6.7,False ,False ,False ,H ,3.5,6.8,False ,False ,False ,-0.88,DESTABILIZING
V,99,A,H ,2,6.7,False ,False ,False ,H ,3.5,6.8,False ,False ,False ,-0.88,DESTABILIZING
V,99,T,H ,2,6.7,False ,False ,False ,H ,2.1,7,False ,False ,True ,-2.37,DESTABILIZING
Y,20,F,p ,28.7,4.2,True ,False ,False ,p ,36.4,4.2,False ,False ,False ,-0.16,DESTABILIZING
Y,38,A,l ,12,4.6,False ,False ,False ,l ,16.8,4.5,False ,False ,False ,-1.41,DESTABILIZING
Y,38,F,l ,12,4.6,False ,False ,False ,l ,13.2,4.7,False ,False ,False ,-0.49,DESTABILIZING
Y,38,G,l ,12,4.6,False ,False ,False ,l ,20.5,5.1,False ,False ,False ,0.24,DESTABILIZING
Y,45,F,E ,55.6,3.5,False ,False ,False ,E ,58.3,3.5,False ,False ,False ,-0.5,STABILIZING
Y,54,F,E ,10.5,5,True ,False ,False ,E ,11.5,4.8,False ,False ,False ,-0.78,DESTABILIZING
Y,63,F,a ,62.7,3.7,False ,False ,False ,a ,65.5,3.7,False ,False ,False ,0.1,DESTABILIZING
D,102,N,p ,45.6,3.5,True ,False ,False ,p ,38,4.1,False ,True ,True ,0.16,STABILIZING
D,102,N,p ,45.6,3.5,True ,False ,False ,p ,38,4.1,False ,True ,True ,0.16,STABILIZING
D,102,N,p ,45.6,3.5,True ,False ,False ,p ,38,4.1,False ,True ,True ,0.16,DESTABILIZING
D,102,N,p ,45.6,3.5,True ,False ,False ,p ,38,4.1,False ,True ,True ,0.16,STABILIZING
D,120,N,p ,81.3,3.3,True ,False ,False ,b ,98.2,3.2,False ,False ,False ,-0.11,STABILIZING
D,120,N,p ,81.3,3.3,True ,False ,False ,b ,98.2,3.2,False ,False ,False ,-0.11,STABILIZING
D,120,N,p ,81.3,3.3,True ,False ,False ,b ,98.2,3.2,False ,False ,False ,-0.11,DESTABILIZING
D,120,N,p ,81.3,3.3,True ,False ,False ,b ,98.2,3.2,False ,False ,False ,-0.11,STABILIZING
I,106,A,H ,3.1,6.5,False ,False ,False ,H ,10.1,5.5,False ,False ,False ,-2.69,DESTABILIZING
I,106,V,H ,3.1,6.5,False ,False ,False ,H ,5,5.7,False ,False ,False ,-2.54,DESTABILIZING
I,106,V,H ,3.1,6.5,False ,False ,False ,H ,5,5.7,False ,False ,False ,-2.54,DESTABILIZING
N,118,A,g ,109.7,3.3,False ,False ,False ,l ,102.9,3.2,False ,False ,False ,0.21,STABILIZING
N,118,G,g ,109.7,3.3,False ,False ,False ,l ,123.8,3.4,False ,False ,False ,1.39,STABILIZING
P,103,G,a ,94.2,3.2,False ,False ,False ,a ,122,3.3,False ,False ,False ,0.27,DESTABILIZING
V,100,A,H ,0,7.1,False ,False ,False ,H ,0,7,False ,False ,False ,-0.88,DESTABILIZING
V,100,A,H ,0,7.1,False ,False ,False ,H ,0,7,False ,False ,False ,-0.88,DESTABILIZING
V,100,F,H ,0,7.1,False ,False ,False ,H ,15.3,4.9,False ,False ,False ,-1.12,DESTABILIZING
V,100,T,H ,0,7.1,False ,False ,False ,H ,0.1,7.2,False ,False ,True ,-2.37,DESTABILIZING
V,110,A,H ,69,3.2,False ,False ,False ,H ,75,3.2,False ,False ,False ,0.84,STABILIZING
V,110,A,H ,69,3.2,False ,False ,False ,H ,75,3.2,False ,False ,False ,0.84,STABILIZING
V,110,D,H ,69,3.2,False ,False ,False ,H ,83.1,3.3,True ,False ,False ,-0.72,STABILIZING
V,110,F,H ,69,3.2,False ,False ,False ,H ,89.7,3.3,False ,False ,False ,-0.09,DESTABILIZING
V,110,G,H ,69,3.2,False ,False ,False ,H ,67.6,3.8,False ,False ,False ,-0.72,STABILIZING
V,110,I,H ,69,3.2,False ,False ,False ,H ,86.5,3.3,False ,False ,False ,0.35,STABILIZING
V,110,L,H ,69,3.2,False ,False ,False ,H ,85.5,3.2,False ,False ,False ,0.68,STABILIZING
V,110,M,H ,69,3.2,False ,False ,False ,H ,83.6,3.2,False ,False ,False ,0.16,STABILIZING
V,110,N,H ,69,3.2,False ,False ,False ,H ,89.3,3.3,True ,False ,False ,-0.87,STABILIZING
V,110,P,H ,69,3.2,False ,False ,False ,H ,66,3.2,False ,False ,False ,-1.71,STABILIZING
V,110,R,H ,69,3.2,False ,False ,False ,H ,68,3.3,False ,False ,False ,0.38,STABILIZING
V,110,Y,H ,69,3.2,False ,False ,False ,H ,93.6,3.3,False ,False ,False ,0.22,DESTABILIZING
V,121,A,a ,12.7,5,False ,False ,False ,a ,19.9,4.3,False ,False ,False ,-0.74,DESTABILIZING
V,121,A,a ,12.7,5,False ,False ,False ,a ,19.9,4.3,False ,False ,False ,-0.74,DESTABILIZING
V,125,A,a ,20.7,4.5,False ,False ,False ,a ,27.8,3.7,False ,False ,False ,0.12,DESTABILIZING
V,125,A,a ,20.7,4.5,False ,False ,False ,a ,27.8,3.7,False ,False ,False ,0.12,DESTABILIZING
V,130,A,b ,24.6,4.4,False ,False ,False ,b ,27.7,3.9,False ,False ,False ,0,DESTABILIZING
V,130,A,b ,24.6,4.4,False ,False ,False ,b ,27.7,3.9,False ,False ,False ,0,DESTABILIZING
Y,124,F,H ,10.8,5,True ,False ,False ,H ,9.8,4.8,False ,False ,False ,-0.87,DESTABILIZING
A,47,P,a ,83.8,3,False ,False ,False ,a ,72.2,3.2,False ,False ,False ,-0.67,DESTABILIZING
D,67,H,a ,15.4,4.9,True ,True ,False ,a ,42.8,4,True ,False ,False ,-0.4,STABILIZING
D,91,P,H ,43.7,3.8,True ,False ,False ,H ,29.4,3.9,False ,False ,False ,-0.99,STABILIZING
G,37,Q,l ,79.4,3.5,False ,False ,False ,l ,86.4,3.4,False ,False ,False ,-2.01,STABILIZING
H,78,G,l ,86.5,3.3,False ,False ,True ,l ,84.7,3.5,False ,False ,False ,1.13,STABILIZING
I,56,T,a ,0.5,9.7,False ,False ,False ,a ,2.1,9.9,False ,False ,False ,-2.04,STABILIZING
P,71,G,p ,57.5,3.4,False ,False ,False ,p ,123.3,3.6,False ,False ,False ,-0.35,STABILIZING
Q,58,G,l ,4.7,4.9,True ,True ,True ,l ,20.5,5.4,False ,False ,False ,-0.59,DESTABILIZING
R,50,G,l ,69.4,3.5,False ,False ,False ,l ,37.5,4.4,False ,False ,False ,2.18,DESTABILIZING
V,110,P,H ,69,3.2,False ,False ,False ,H ,66,3.2,False ,False ,False ,-1.71,DESTABILIZING
A,9,S,H ,0,7.9,False ,False ,False ,H ,0,7.7,True ,False ,True ,-1.99,DESTABILIZING
E,7,Q,H ,40.5,3.6,True ,True ,False ,H ,63.7,3.6,True ,False ,False ,-0.5,STABILIZING
E,7,Q,H ,40.5,3.6,True ,True ,False ,H ,63.7,3.6,True ,False ,False ,-0.5,DESTABILIZING
E,7,Q,H ,40.5,3.6,True ,True ,False ,H ,63.7,3.6,True ,False ,False ,-0.5,DESTABILIZING
E,7,Q,H ,40.5,3.6,True ,True ,False ,H ,63.7,3.6,True ,False ,False ,-0.5,DESTABILIZING
K,1,A,b ,38.4,3.8,True ,False ,False ,g ,52.1,3.2,False ,False ,False ,0,DESTABILIZING
K,1,M,b ,38.4,3.8,True ,False ,False ,b ,80.3,3.3,True ,False ,False ,0,DESTABILIZING
L,8,T,H ,0.1,8,False ,False ,False ,H ,0.7,7.8,False ,False ,True ,-3.67,DESTABILIZING
V,2,A,b ,68.8,3.4,False ,False ,False ,b ,70.7,3.3,False ,False ,False ,-1.16,DESTABILIZING
V,2,A,b ,68.8,3.4,False ,False ,False ,b ,70.7,3.3,False ,False ,False ,-1.16,DESTABILIZING
V,2,D,b ,68.8,3.4,False ,False ,False ,b ,72.4,3.5,True ,False ,False ,-1.26,DESTABILIZING
V,2,F,b ,68.8,3.4,False ,False ,False ,b ,76.7,3.4,False ,False ,False ,-0.46,DESTABILIZING
V,2,G,b ,68.8,3.4,False ,False ,False ,b ,61.8,3.6,False ,False ,False ,-0.46,DESTABILIZING
V,2,I,b ,68.8,3.4,False ,False ,False ,b ,71.4,3.5,False ,False ,False ,0.08,STABILIZING
V,2,L,b ,68.8,3.4,False ,False ,False ,b ,75.7,3.4,False ,False ,False ,-0.66,DESTABILIZING
V,2,M,b ,68.8,3.4,False ,False ,False ,b ,70.7,3.3,False ,False ,False ,-0.66,DESTABILIZING
V,2,N,b ,68.8,3.4,False ,False ,False ,b ,75.2,3.4,False ,False ,True ,-1.13,DESTABILIZING
V,2,R,b ,68.8,3.4,False ,False ,False ,b ,69.9,3.4,True ,False ,False ,-0.63,DESTABILIZING
V,2,S,b ,68.8,3.4,False ,False ,False ,b ,70.4,3.3,False ,False ,False ,-1.12,DESTABILIZING
V,2,Y,b ,68.8,3.4,False ,False ,False ,b ,78.1,3.4,True ,False ,False ,-0.41,DESTABILIZING
A,32,L,H ,0,9.1,False ,False ,False ,H ,0,9.8,False ,False ,False ,-0.44,DESTABILIZING
A,32,S,H ,0,9.1,False ,False ,False ,H ,0.4,9,False ,False ,True ,-2.18,DESTABILIZING
A,47,P,a ,83.8,3,False ,False ,False ,a ,72.2,3.2,False ,False ,False ,-0.67,STABILIZING
A,92,S,H ,5.8,8.6,False ,False ,False ,H ,5.6,9,False ,False ,True ,-2.18,STABILIZING
A,96,M,H ,0,9.1,False ,False ,False ,H ,0,10.2,False ,False ,False ,-1.34,STABILIZING
A,96,S,H ,0,9.1,False ,False ,False ,H ,0,8.9,False ,False ,True ,-2.18,DESTABILIZING
C,77,A,a ,4.9,5,False ,False ,True ,a ,4.7,4.8,False ,False ,False ,-0.77,DESTABILIZING
D,18,N,p ,42.1,3.5,False ,True ,False ,p ,60.3,3.6,False ,True ,False ,-0.43,DESTABILIZING
D,18,N,p ,42.1,3.5,False ,True ,False ,p ,60.3,3.6,False ,True ,False ,-0.43,DESTABILIZING
D,49,N,a ,67.8,3.5,True ,True ,False ,a ,73,3.7,False ,False ,False ,-0.86,DESTABILIZING
D,67,N,a ,15.4,4.9,True ,True ,False ,a ,13.4,5,True ,True ,False ,-0.83,DESTABILIZING
D,67,N,a ,15.4,4.9,True ,True ,False ,a ,13.4,5,True ,True ,False ,-0.83,DESTABILIZING
D,67,N,a ,15.4,4.9,True ,True ,False ,a ,13.4,5,True ,True ,False ,-0.83,DESTABILIZING
D,67,N,a ,15.4,4.9,True ,True ,False ,a ,13.4,5,True ,True ,False ,-0.83,DESTABILIZING
D,91,P,H ,43.7,3.8,True ,False ,False ,H ,29.4,3.9,False ,False ,False ,-0.99,DESTABILIZING
E,35,L,H ,14.5,4.3,False ,False ,False ,H ,19.4,4.5,False ,False ,False ,-0.33,DESTABILIZING
G,37,A,l ,79.4,3.5,False ,False ,False ,l ,77.7,3.1,False ,False ,False ,-2.6,DESTABILIZING
G,37,Q,l ,79.4,3.5,False ,False ,False ,l ,86.4,3.4,False ,False ,False ,-2.01,DESTABILIZING
G,37,Q,l ,79.4,3.5,False ,False ,False ,l ,86.4,3.4,False ,False ,False ,-2.01,DESTABILIZING
H,78,A,l ,86.5,3.3,False ,False ,True ,l ,83.4,3,False ,False ,False ,-0.05,DESTABILIZING
H,78,G,l ,86.5,3.3,False ,False ,True ,l ,84.7,3.5,False ,False ,False ,1.13,DESTABILIZING
H,78,G,l ,86.5,3.3,False ,False ,True ,l ,84.7,3.5,False ,False ,False ,1.13,DESTABILIZING
I,23,A,b ,10.8,5,False ,False ,False ,b ,20.9,4.4,False ,False ,False ,-3.96,DESTABILIZING
I,23,V,b ,10.8,5,False ,False ,False ,b ,15,4.8,False ,False ,False ,-2.23,DESTABILIZING
I,23,V,b ,10.8,5,False ,False ,False ,b ,15,4.8,False ,False ,False ,-2.23,DESTABILIZING
I,56,A,a ,0.5,9.7,False ,False ,False ,a ,5.3,9.6,False ,False ,False ,-3.13,DESTABILIZING
I,56,A,a ,0.5,9.7,False ,False ,False ,a ,5.3,9.6,False ,False ,False ,-3.13,DESTABILIZING
I,56,F,a ,0.5,9.7,False ,False ,False ,a ,0.4,9.3,False ,False ,False ,-0.39,DESTABILIZING
I,56,L,a ,0.5,9.7,False ,False ,False ,a ,0.7,10.2,False ,False ,False ,0.37,DESTABILIZING
I,56,M,a ,0.5,9.7,False ,False ,False ,a ,0.3,9.6,True ,False ,False ,-0.88,DESTABILIZING
I,56,T,a ,0.5,9.7,False ,False ,False ,a ,2.1,9.9,False ,False ,False ,-2.04,DESTABILIZING
I,56,T,a ,0.5,9.7,False ,False ,False ,a ,2.1,9.9,False ,False ,False ,-2.04,DESTABILIZING
I,56,V,a ,0.5,9.7,False ,False ,False ,a ,1,9.7,False ,False ,False ,-2.04,DESTABILIZING
I,56,V,a ,0.5,9.7,False ,False ,False ,a ,1,9.7,False ,False ,False ,-2.04,DESTABILIZING
I,56,V,a ,0.5,9.7,False ,False ,False ,a ,1,9.7,False ,False ,False ,-2.04,DESTABILIZING
I,59,A,E ,2,7.9,False ,False ,False ,E ,12,7.3,False ,False ,False ,-4.52,DESTABILIZING
I,59,A,E ,2,7.9,False ,False ,False ,E ,12,7.3,False ,False ,False ,-4.52,DESTABILIZING
I,59,A,E ,2,7.9,False ,False ,False ,E ,12,7.3,False ,False ,False ,-4.52,DESTABILIZING
I,59,F,E ,2,7.9,False ,False ,False ,E ,1,8.7,False ,False ,False ,-1.57,DESTABILIZING
I,59,G,E ,2,7.9,False ,False ,False ,E ,27.1,6.2,False ,False ,False ,-2.53,DESTABILIZING
I,59,G,E ,2,7.9,False ,False ,False ,E ,27.1,6.2,False ,False ,False ,-2.53,DESTABILIZING
I,59,M,E ,2,7.9,False ,False ,False ,E ,1.6,8,True ,True ,False ,-1.29,DESTABILIZING
I,59,S,E ,2,7.9,False ,False ,False ,E ,5.2,7.7,False ,False ,False ,-4.14,DESTABILIZING
I,59,T,E ,2,7.9,False ,False ,False ,E ,2.8,7.7,False ,False ,False ,-3.29,DESTABILIZING
I,59,V,E ,2,7.9,False ,False ,False ,E ,3.3,7.6,False ,False ,False ,-2.12,DESTABILIZING
I,59,V,E ,2,7.9,False ,False ,False ,E ,3.3,7.6,False ,False ,False ,-2.12,DESTABILIZING
I,59,V,E ,2,7.9,False ,False ,False ,E ,3.3,7.6,False ,False ,False ,-2.12,DESTABILIZING
I,59,Y,E ,2,7.9,False ,False ,False ,E ,0.8,8.8,False ,True ,True ,-1.7,DESTABILIZING
I,89,A,a ,2.7,5.9,False ,False ,False ,a ,6.6,5.2,False ,False ,False ,-3.13,DESTABILIZING
I,89,V,a ,2.7,5.9,False ,False ,False ,a ,5.6,5.7,False ,False ,False ,-2.04,DESTABILIZING
I,89,V,a ,2.7,5.9,False ,False ,False ,a ,5.6,5.7,False ,False ,False ,-2.04,DESTABILIZING
P,71,G,p ,57.5,3.4,False ,False ,False ,p ,123.3,3.6,False ,False ,False ,-0.35,DESTABILIZING
Q,58,A,l ,4.7,4.9,True ,True ,True ,l ,14.1,4.7,False ,False ,False ,-1.02,STABILIZING
Q,58,G,l ,4.7,4.9,True ,True ,True ,l ,20.5,5.4,False ,False ,False ,-0.59,STABILIZING
Q,58,G,l ,4.7,4.9,True ,True ,True ,l ,20.5,5.4,False ,False ,False ,-0.59,STABILIZING
R,21,A,g ,59,3.6,False ,False ,False ,g ,52.1,3.2,False ,False ,False ,-0.12,STABILIZING
R,21,G,g ,59,3.6,False ,False ,False ,l ,92.9,3.3,False ,False ,False ,0.62,STABILIZING
R,50,A,l ,69.4,3.5,False ,False ,False ,l ,39.8,3.2,False ,False ,False ,0.34,STABILIZING
R,50,G,l ,69.4,3.5,False ,False ,False ,l ,37.5,4.4,False ,False ,False ,2.18,STABILIZING
R,50,G,l ,69.4,3.5,False ,False ,False ,l ,37.5,4.4,False ,False ,False ,2.18,STABILIZING
V,74,A,a ,62,3.4,False ,False ,False ,a ,59.3,3.2,False ,False ,False ,0.12,DESTABILIZING
V,74,A,a ,62,3.4,False ,False ,False ,a ,59.3,3.2,False ,False ,False ,0.12,DESTABILIZING
V,74,D,a ,62,3.4,False ,False ,False ,a ,63.4,3.4,False ,False ,False ,0.12,DESTABILIZING
V,74,F,a ,62,3.4,False ,False ,False ,a ,80.6,3.5,False ,False ,False ,0.14,DESTABILIZING
V,74,G,a ,62,3.4,False ,False ,False ,a ,90.5,3.6,False ,False ,False ,-0.3,DESTABILIZING
V,74,I,a ,62,3.4,False ,False ,False ,a ,75,3.4,False ,False ,False ,-0.03,STABILIZING
V,74,L,a ,62,3.4,False ,False ,False ,a ,62.9,3.5,False ,False ,False ,0.47,STABILIZING
V,74,M,a ,62,3.4,False ,False ,False ,a ,73.8,3.5,False ,False ,False ,-0.1,STABILIZING
V,74,N,a ,62,3.4,False ,False ,False ,a ,72.4,3.5,False ,False ,False ,-0.02,DESTABILIZING
V,74,R,a ,62,3.4,False ,False ,False ,a ,76.1,3.4,False ,False ,False ,-0.11,DESTABILIZING
V,74,S,a ,62,3.4,False ,False ,False ,a ,68.6,3.2,False ,False ,True ,-0.5,DESTABILIZING
V,74,S,a ,62,3.4,False ,False ,False ,a ,68.6,3.2,False ,False ,True ,-0.5,DESTABILIZING
V,74,Y,a ,62,3.4,False ,False ,False ,a ,77.7,3.4,False ,False ,False ,-0.15,DESTABILIZING
V,93,A,H ,3.4,5.5,False ,False ,False ,H ,5.5,5.2,False ,False ,False ,-0.88,DESTABILIZING
V,93,A,H ,3.4,5.5,False ,False ,False ,H ,5.5,5.2,False ,False ,False ,-0.88,DESTABILIZING
V,93,T,H ,3.4,5.5,False ,False ,False ,H ,3.2,5.6,False ,False ,True ,-2.37,DESTABILIZING
V,99,A,H ,2,6.7,False ,False ,False ,H ,3.5,6.8,False ,False ,False ,-0.88,DESTABILIZING
V,99,A,H ,2,6.7,False ,False ,False ,H ,3.5,6.8,False ,False ,False ,-0.88,DESTABILIZING
V,99,T,H ,2,6.7,False ,False ,False ,H ,2.1,7,False ,False ,True ,-2.37,DESTABILIZING
Y,20,F,p ,28.7,4.2,True ,False ,False ,p ,36.4,4.2,False ,False ,False ,-0.16,DESTABILIZING
Y,38,A,l ,12,4.6,False ,False ,False ,l ,16.8,4.5,False ,False ,False ,-1.41,DESTABILIZING
Y,38,F,l ,12,4.6,False ,False ,False ,l ,13.2,4.7,False ,False ,False ,-0.49,DESTABILIZING
Y,38,G,l ,12,4.6,False ,False ,False ,l ,20.5,5.1,False ,False ,False ,0.24,DESTABILIZING
Y,45,F,E ,55.6,3.5,False ,False ,False ,E ,58.3,3.5,False ,False ,False ,-0.5,STABILIZING
Y,54,F,E ,10.5,5,True ,False ,False ,E ,11.5,4.8,False ,False ,False ,-0.78,DESTABILIZING
Y,63,F,a ,62.7,3.7,False ,False ,False ,a ,65.5,3.7,False ,False ,False ,0.1,DESTABILIZING
D,102,N,p ,45.6,3.5,True ,False ,False ,p ,38,4.1,False ,True ,True ,0.16,STABILIZING
D,102,N,p ,45.6,3.5,True ,False ,False ,p ,38,4.1,False ,True ,True ,0.16,STABILIZING
D,102,N,p ,45.6,3.5,True ,False ,False ,p ,38,4.1,False ,True ,True ,0.16,DESTABILIZING
D,102,N,p ,45.6,3.5,True ,False ,False ,p ,38,4.1,False ,True ,True ,0.16,STABILIZING
D,120,N,p ,81.3,3.3,True ,False ,False ,b ,98.2,3.2,False ,False ,False ,-0.11,STABILIZING
D,120,N,p ,81.3,3.3,True ,False ,False ,b ,98.2,3.2,False ,False ,False ,-0.11,STABILIZING
D,120,N,p ,81.3,3.3,True ,False ,False ,b ,98.2,3.2,False ,False ,False ,-0.11,DESTABILIZING
D,120,N,p ,81.3,3.3,True ,False ,False ,b ,98.2,3.2,False ,False ,False ,-0.11,STABILIZING
I,106,A,H ,3.1,6.5,False ,False ,False ,H ,10.1,5.5,False ,False ,False ,-2.69,DESTABILIZING
I,106,V,H ,3.1,6.5,False ,False ,False ,H ,5,5.7,False ,False ,False ,-2.54,DESTABILIZING
I,106,V,H ,3.1,6.5,False ,False ,False ,H ,5,5.7,False ,False ,False ,-2.54,DESTABILIZING
N,118,A,g ,109.7,3.3,False ,False ,False ,l ,102.9,3.2,False ,False ,False ,0.21,STABILIZING
N,118,G,g ,109.7,3.3,False ,False ,False ,l ,123.8,3.4,False ,False ,False ,1.39,STABILIZING
P,103,G,a ,94.2,3.2,False ,False ,False ,a ,122,3.3,False ,False ,False ,0.27,DESTABILIZING
V,100,A,H ,0,7.1,False ,False ,False ,H ,0,7,False ,False ,False ,-0.88,DESTABILIZING
V,100,A,H ,0,7.1,False ,False ,False ,H ,0,7,False ,False ,False ,-0.88,DESTABILIZING
V,100,F,H ,0,7.1,False ,False ,False ,H ,15.3,4.9,False ,False ,False ,-1.12,DESTABILIZING
V,100,T,H ,0,7.1,False ,False ,False ,H ,0.1,7.2,False ,False ,True ,-2.37,DESTABILIZING
V,110,A,H ,69,3.2,False ,False ,False ,H ,75,3.2,False ,False ,False ,0.84,STABILIZING
V,110,A,H ,69,3.2,False ,False ,False ,H ,75,3.2,False ,False ,False ,0.84,STABILIZING
V,110,D,H ,69,3.2,False ,False ,False ,H ,83.1,3.3,True ,False ,False ,-0.72,STABILIZING
V,110,F,H ,69,3.2,False ,False ,False ,H ,89.7,3.3,False ,False ,False ,-0.09,DESTABILIZING
V,110,G,H ,69,3.2,False ,False ,False ,H ,67.6,3.8,False ,False ,False ,-0.72,STABILIZING
V,110,I,H ,69,3.2,False ,False ,False ,H ,86.5,3.3,False ,False ,False ,0.35,STABILIZING
V,110,L,H ,69,3.2,False ,False ,False ,H ,85.5,3.2,False ,False ,False ,0.68,STABILIZING
V,110,M,H ,69,3.2,False ,False ,False ,H ,83.6,3.2,False ,False ,False ,0.16,STABILIZING
V,110,N,H ,69,3.2,False ,False ,False ,H ,89.3,3.3,True ,False ,False ,-0.87,STABILIZING
V,110,P,H ,69,3.2,False ,False ,False ,H ,66,3.2,False ,False ,False ,-1.71,STABILIZING
V,110,R,H ,69,3.2,False ,False ,False ,H ,68,3.3,False ,False ,False ,0.38,STABILIZING
V,110,Y,H ,69,3.2,False ,False ,False ,H ,93.6,3.3,False ,False ,False ,0.22,DESTABILIZING
V,121,A,a ,12.7,5,False ,False ,False ,a ,19.9,4.3,False ,False ,False ,-0.74,DESTABILIZING
V,121,A,a ,12.7,5,False ,False ,False ,a ,19.9,4.3,False ,False ,False ,-0.74,DESTABILIZING
V,125,A,a ,20.7,4.5,False ,False ,False ,a ,27.8,3.7,False ,False ,False ,0.12,DESTABILIZING
V,125,A,a ,20.7,4.5,False ,False ,False ,a ,27.8,3.7,False ,False ,False ,0.12,DESTABILIZING
V,130,A,b ,24.6,4.4,False ,False ,False ,b ,27.7,3.9,False ,False ,False ,0,DESTABILIZING
V,130,A,b ,24.6,4.4,False ,False ,False ,b ,27.7,3.9,False ,False ,False ,0,DESTABILIZING
Y,124,F,H ,10.8,5,True ,False ,False ,H ,9.8,4.8,False ,False ,False ,-0.87,DESTABILIZING
A,96,M,H ,0,9.1,False ,False ,False ,H ,0,10.2,False ,False ,False ,-1.34,STABILIZING
A,9,S,H ,0,7.9,False ,False ,False ,H ,0,7.7,True ,False ,True ,-1.99,DESTABILIZING
A,32,L,H ,0,9.1,False ,False ,False ,H ,0,9.8,False ,False ,False ,-0.44,DESTABILIZING
A,32,S,H ,0,9.1,False ,False ,False ,H ,0.4,9,False ,False ,True ,-2.18,DESTABILIZING
A,96,S,H ,0,9.1,False ,False ,False ,H ,0,8.9,False ,False ,True ,-2.18,DESTABILIZING
L,8,T,H ,0.1,8,False ,False ,False ,H ,0.7,7.8,False ,False ,True ,-3.67,DESTABILIZING
I,56,L,a ,0.5,9.7,False ,False ,False ,a ,0.7,10.2,False ,False ,False ,0.37,DESTABILIZING
I,56,V,a ,0.5,9.7,False ,False ,False ,a ,1,9.7,False ,False ,False ,-2.04,DESTABILIZING
I,56,M,a ,0.5,9.7,False ,False ,False ,a ,0.3,9.6,True ,False ,False ,-0.88,DESTABILIZING
I,56,A,a ,0.5,9.7,False ,False ,False ,a ,5.3,9.6,False ,False ,False ,-3.13,DESTABILIZING
I,56,F,a ,0.5,9.7,False ,False ,False ,a ,0.4,9.3,False ,False ,False ,-0.39,DESTABILIZING
I,56,T,a ,0.5,9.7,False ,False ,False ,a ,2.1,9.9,False ,False ,False ,-2.04,DESTABILIZING
V,100,T,H ,0,7.1,False ,False ,False ,H ,0.1,7.2,False ,False ,True ,-2.37,DESTABILIZING
V,100,A,H ,0,7.1,False ,False ,False ,H ,0,7,False ,False ,False ,-0.88,DESTABILIZING
V,100,F,H ,0,7.1,False ,False ,False ,H ,15.3,4.9,False ,False ,False ,-1.12,DESTABILIZING
V,99,T,H ,2,6.7,False ,False ,False ,H ,2.1,7,False ,False ,True ,-2.37,DESTABILIZING
V,99,A,H ,2,6.7,False ,False ,False ,H ,3.5,6.8,False ,False ,False ,-0.88,DESTABILIZING
A,92,S,H ,5.8,8.6,False ,False ,False ,H ,5.6,9,False ,False ,True ,-2.18,STABILIZING
I,59,F,E ,2,7.9,False ,False ,False ,E ,1,8.7,False ,False ,False ,-1.57,DESTABILIZING
I,59,V,E ,2,7.9,False ,False ,False ,E ,3.3,7.6,False ,False ,False ,-2.12,DESTABILIZING
I,59,M,E ,2,7.9,False ,False ,False ,E ,1.6,8,True ,True ,False ,-1.29,DESTABILIZING
I,59,A,E ,2,7.9,False ,False ,False ,E ,12,7.3,False ,False ,False ,-4.52,DESTABILIZING
I,59,T,E ,2,7.9,False ,False ,False ,E ,2.8,7.7,False ,False ,False ,-3.29,DESTABILIZING
I,59,S,E ,2,7.9,False ,False ,False ,E ,5.2,7.7,False ,False ,False ,-4.14,DESTABILIZING
I,59,Y,E ,2,7.9,False ,False ,False ,E ,0.8,8.8,False ,True ,True ,-1.7,DESTABILIZING
I,59,G,E ,2,7.9,False ,False ,False ,E ,27.1,6.2,False ,False ,False ,-2.53,DESTABILIZING
V,93,T,H ,3.4,5.5,False ,False ,False ,H ,3.2,5.6,False ,False ,True ,-2.37,DESTABILIZING
V,93,A,H ,3.4,5.5,False ,False ,False ,H ,5.5,5.2,False ,False ,False ,-0.88,DESTABILIZING
I,106,V,H ,3.1,6.5,False ,False ,False ,H ,5,5.7,False ,False ,False ,-2.54,DESTABILIZING
I,106,A,H ,3.1,6.5,False ,False ,False ,H ,10.1,5.5,False ,False ,False ,-2.69,DESTABILIZING
I,89,V,a ,2.7,5.9,False ,False ,False ,a ,5.6,5.7,False ,False ,False ,-2.04,DESTABILIZING
I,89,A,a ,2.7,5.9,False ,False ,False ,a ,6.6,5.2,False ,False ,False ,-3.13,DESTABILIZING
Q,58,G,l ,4.7,4.9,True ,True ,True ,l ,20.5,5.4,False ,False ,False ,-0.59,STABILIZING
Q,58,A,l ,4.7,4.9,True ,True ,True ,l ,14.1,4.7,False ,False ,False ,-1.02,STABILIZING
I,23,V,b ,10.8,5,False ,False ,False ,b ,15,4.8,False ,False ,False ,-2.23,DESTABILIZING
G,105,A,e ,42.2,5.2,False ,False ,False ,e ,29.3,3.6,False ,False ,False ,-2.15,DESTABILIZING
I,23,A,b ,10.8,5,False ,False ,False ,b ,20.9,4.4,False ,False ,False ,-3.96,DESTABILIZING
V,121,A,a ,12.7,5,False ,False ,False ,a ,19.9,4.3,False ,False ,False ,-0.74,DESTABILIZING
Y,54,F,E ,10.5,5,True ,False ,False ,E ,11.5,4.8,False ,False ,False ,-0.78,DESTABILIZING
Y,38,F,l ,12,4.6,False ,False ,False ,l ,13.2,4.7,False ,False ,False ,-0.49,DESTABILIZING
Y,38,G,l ,12,4.6,False ,False ,False ,l ,20.5,5.1,False ,False ,False ,0.24,DESTABILIZING
Y,38,A,l ,12,4.6,False ,False ,False ,l ,16.8,4.5,False ,False ,False ,-1.41,DESTABILIZING
Y,124,F,H ,10.8,5,True ,False ,False ,H ,9.8,4.8,False ,False ,False ,-0.87,DESTABILIZING
C,77,A,a ,4.9,5,False ,False ,True ,a ,4.7,4.8,False ,False ,False ,-0.77,DESTABILIZING
V,125,A,a ,20.7,4.5,False ,False ,False ,a ,27.8,3.7,False ,False ,False ,0.12,DESTABILIZING
D,67,N,a ,15.4,4.9,True ,True ,False ,a ,13.4,5,True ,True ,False ,-0.83,DESTABILIZING
D,67,H,a ,15.4,4.9,True ,True ,False ,a ,42.8,4,True ,False ,False ,-0.4,DESTABILIZING
E,35,L,H ,14.5,4.3,False ,False ,False ,H ,19.4,4.5,False ,False ,False ,-0.33,DESTABILIZING
G,37,A,l ,79.4,3.5,False ,False ,False ,l ,77.7,3.1,False ,False ,False ,-2.6,DESTABILIZING
G,37,Q,l ,79.4,3.5,False ,False ,False ,l ,86.4,3.4,False ,False ,False ,-2.01,DESTABILIZING
G,16,A,l ,94.4,3.7,False ,False ,False ,l ,80.8,3,False ,False ,False ,-2.6,DESTABILIZING
G,19,A,l ,71.1,3.6,False ,False ,False ,l ,74.4,3.2,False ,False ,False ,-2.6,DESTABILIZING
D,91,P,H ,43.7,3.8,True ,False ,False ,H ,29.4,3.9,False ,False ,False ,-0.99,DESTABILIZING
D,102,N,p ,45.6,3.5,True ,False ,False ,p ,38,4.1,False ,True ,True ,0.16,DESTABILIZING
Y,20,F,p ,28.7,4.2,True ,False ,False ,p ,36.4,4.2,False ,False ,False ,-0.16,DESTABILIZING
E,7,Q,H ,40.5,3.6,True ,True ,False ,H ,63.7,3.6,True ,False ,False ,-0.5,DESTABILIZING
G,72,A,g ,108.6,3.4,False ,False ,False ,g ,88.3,3.2,False ,False ,False ,-3.13,DESTABILIZING
D,18,N,p ,42.1,3.5,False ,True ,False ,p ,60.3,3.6,False ,True ,False ,-0.43,DESTABILIZING
G,68,A,g ,93.8,3.5,False ,False ,False ,g ,81,3.1,False ,False ,False ,-3.13,DESTABILIZING
K,1,M,b ,38.4,3.8,True ,False ,False ,b ,80.3,3.3,True ,False ,False ,0,DESTABILIZING
K,1,A,b ,38.4,3.8,True ,False ,False ,g ,52.1,3.2,False ,False ,False ,0,DESTABILIZING
V,130,A,b ,24.6,4.4,False ,False ,False ,b ,27.7,3.9,False ,False ,False ,0,DESTABILIZING
D,49,N,a ,67.8,3.5,True ,True ,False ,a ,73,3.7,False ,False ,False ,-0.86,DESTABILIZING
G,22,A,l ,106,3.4,False ,False ,False ,l ,97.1,3,False ,False ,False ,-2.6,DESTABILIZING
P,71,G,p ,57.5,3.4,False ,False ,False ,p ,123.3,3.6,False ,False ,False ,-0.35,DESTABILIZING
G,129,A,l ,126.7,3.3,False ,False ,False ,l ,100.6,3.1,False ,False ,False ,-2.6,STABILIZING
G,48,A,a ,131.9,3.2,False ,False ,False ,a ,107.5,3,False ,False ,False ,0.43,STABILIZING
G,127,A,g ,124.4,3.2,False ,False ,False ,g ,99.2,3,False ,False ,False ,-3.13,DESTABILIZING
A,47,P,a ,83.8,3,False ,False ,False ,a ,72.2,3.2,False ,False ,False ,-0.67,STABILIZING
V,110,P,H ,69,3.2,False ,False ,False ,H ,66,3.2,False ,False ,False ,-1.71,STABILIZING
V,110,R,H ,69,3.2,False ,False ,False ,H ,68,3.3,False ,False ,False ,0.38,STABILIZING
V,110,I,H ,69,3.2,False ,False ,False ,H ,86.5,3.3,False ,False ,False ,0.35,STABILIZING
V,110,M,H ,69,3.2,False ,False ,False ,H ,83.6,3.2,False ,False ,False ,0.16,STABILIZING
V,110,G,H ,69,3.2,False ,False ,False ,H ,67.6,3.8,False ,False ,False ,-0.72,STABILIZING
V,110,A,H ,69,3.2,False ,False ,False ,H ,75,3.2,False ,False ,False ,0.84,STABILIZING
V,110,D,H ,69,3.2,False ,False ,False ,H ,83.1,3.3,True ,False ,False ,-0.72,STABILIZING
V,110,N,H ,69,3.2,False ,False ,False ,H ,89.3,3.3,True ,False ,False ,-0.87,STABILIZING
V,110,L,H ,69,3.2,False ,False ,False ,H ,85.5,3.2,False ,False ,False ,0.68,STABILIZING
V,110,F,H ,69,3.2,False ,False ,False ,H ,89.7,3.3,False ,False ,False ,-0.09,DESTABILIZING
V,110,Y,H ,69,3.2,False ,False ,False ,H ,93.6,3.3,False ,False ,False ,0.22,DESTABILIZING
D,120,N,p ,81.3,3.3,True ,False ,False ,b ,98.2,3.2,False ,False ,False ,-0.11,DESTABILIZING
V,74,M,a ,62,3.4,False ,False ,False ,a ,73.8,3.5,False ,False ,False ,-0.1,STABILIZING
V,74,I,a ,62,3.4,False ,False ,False ,a ,75,3.4,False ,False ,False ,-0.03,STABILIZING
V,74,L,a ,62,3.4,False ,False ,False ,a ,62.9,3.5,False ,False ,False ,0.47,STABILIZING
V,74,R,a ,62,3.4,False ,False ,False ,a ,76.1,3.4,False ,False ,False ,-0.11,DESTABILIZING
V,74,G,a ,62,3.4,False ,False ,False ,a ,90.5,3.6,False ,False ,False ,-0.3,DESTABILIZING
V,74,Y,a ,62,3.4,False ,False ,False ,a ,77.7,3.4,False ,False ,False ,-0.15,DESTABILIZING
V,74,F,a ,62,3.4,False ,False ,False ,a ,80.6,3.5,False ,False ,False ,0.14,DESTABILIZING
V,74,N,a ,62,3.4,False ,False ,False ,a ,72.4,3.5,False ,False ,False ,-0.02,DESTABILIZING
V,74,S,a ,62,3.4,False ,False ,False ,a ,68.6,3.2,False ,False ,True ,-0.5,DESTABILIZING
V,74,A,a ,62,3.4,False ,False ,False ,a ,59.3,3.2,False ,False ,False ,0.12,DESTABILIZING
V,74,D,a ,62,3.4,False ,False ,False ,a ,63.4,3.4,False ,False ,False ,0.12,DESTABILIZING
V,2,Y,b ,68.8,3.4,False ,False ,False ,b ,78.1,3.4,True ,False ,False ,-0.41,DESTABILIZING
V,2,R,b ,68.8,3.4,False ,False ,False ,b ,69.9,3.4,True ,False ,False ,-0.63,DESTABILIZING
V,2,N,b ,68.8,3.4,False ,False ,False ,b ,75.2,3.4,False ,False ,True ,-1.13,DESTABILIZING
V,2,S,b ,68.8,3.4,False ,False ,False ,b ,70.4,3.3,False ,False ,False ,-1.12,DESTABILIZING
V,2,D,b ,68.8,3.4,False ,False ,False ,b ,72.4,3.5,True ,False ,False ,-1.26,DESTABILIZING
V,2,I,b ,68.8,3.4,False ,False ,False ,b ,71.4,3.5,False ,False ,False ,0.08,STABILIZING
V,2,L,b ,68.8,3.4,False ,False ,False ,b ,75.7,3.4,False ,False ,False ,-0.66,DESTABILIZING
V,2,M,b ,68.8,3.4,False ,False ,False ,b ,70.7,3.3,False ,False ,False ,-0.66,DESTABILIZING
V,2,F,b ,68.8,3.4,False ,False ,False ,b ,76.7,3.4,False ,False ,False ,-0.46,DESTABILIZING
V,2,A,b ,68.8,3.4,False ,False ,False ,b ,70.7,3.3,False ,False ,False ,-1.16,DESTABILIZING
V,2,G,b ,68.8,3.4,False ,False ,False ,b ,61.8,3.6,False ,False ,False ,-0.46,DESTABILIZING
Y,63,F,a ,62.7,3.7,False ,False ,False ,a ,65.5,3.7,False ,False ,False ,0.1,DESTABILIZING
Y,45,F,E ,55.6,3.5,False ,False ,False ,E ,58.3,3.5,False ,False ,False ,-0.5,STABILIZING
R,50,A,l ,69.4,3.5,False ,False ,False ,l ,39.8,3.2,False ,False ,False ,0.34,STABILIZING
R,50,G,l ,69.4,3.5,False ,False ,False ,l ,37.5,4.4,False ,False ,False ,2.18,STABILIZING
R,21,A,g ,59,3.6,False ,False ,False ,g ,52.1,3.2,False ,False ,False ,-0.12,STABILIZING
R,21,G,g ,59,3.6,False ,False ,False ,l ,92.9,3.3,False ,False ,False ,0.62,STABILIZING
P,103,G,a ,94.2,3.2,False ,False ,False ,a ,122,3.3,False ,False ,False ,0.27,DESTABILIZING
N,118,A,g ,109.7,3.3,False ,False ,False ,l ,102.9,3.2,False ,False ,False ,0.21,STABILIZING
N,118,G,g ,109.7,3.3,False ,False ,False ,l ,123.8,3.4,False ,False ,False ,1.39,STABILIZING
H,78,A,l ,86.5,3.3,False ,False ,True ,l ,83.4,3,False ,False ,False ,-0.05,DESTABILIZING
H,78,G,l ,86.5,3.3,False ,False ,True ,l ,84.7,3.5,False ,False ,False ,1.13,DESTABILIZING
